"","q1","q2","q3","q4","q5","q6","q7","q8","q9","q10"
"1",2,8,8,2,2,2,2,6,8,6
"2",7,8,8,8,7,6,8,9,8,10
"3",5,3,3,2,3,5,4,4,7,7
"4",8,7,6,7,8,8,8,8,8,8
"5",2,1,1,1,1,1,10,2,10,8
"6",7,8,8,4,5,6,8,8,10,10
"7",10,10,10,10,10,10,10,10,10,10
"8",7,8,8,5,7,7,7,8,5,7
"9",5,5,6,4,4,7,6,4,9,9
"10",1,2,3,2,1,1,1,5,10,10
"11",4,4,8,6,6,6,7,6,8,8
"12",6,10,8,6,8,8,10,10,8,10
"13",2,1,9,1,3,6,6,7,9,9
"14",6,6,6,6,7,6,7,8,8,7
"15",5,8,5,5,2,5,5,5,10,10
"16",8,5,6,8,5,8,9,9,9,9
"17",4,3,4,3,3,4,3,3,3,2
"18",9,6,6,6,6,6,6,6,10,5
"19",3,5,5,2,2,2,5,7,9,7
"20",7,7,7,5,4,8,7,8,9,8
"21",10,10,10,10,9,8,10,10,10,9
"22",6,6,6,6,8,8,8,7,8,8
"23",7,3,3,3,5,8,8,7,10,10
"24",8,10,10,8,10,8,8,10,10,10
"25",3,3,3,1,1,2,7,7,7,7
"26",10,5,10,10,10,10,10,10,10,10
"27",1,8,4,2,1,1,1,8,2,8
"28",5,6,8,5,5,8,8,8,5,8
"29",8,9,9,7,10,9,10,10,10,8
"30",10,9,9,7,7,8,7,10,10,8
"31",5,3,8,5,7,6,5,8,8,4
"32",8,3,5,3,4,7,8,2,9,9
"33",8,5,3,3,6,9,9,9,9,9
"34",9,10,9,10,9,7,10,10,10,10
"35",5,5,5,5,5,5,5,5,5,5
"36",4,7,6,6,5,5,7,9,3,5
"37",5,1,1,4,1,4,7,6,6,6
"38",9,7,7,9,9,8,8,8,8,7
"39",5,5,1,1,2,5,5,10,5,5
"40",2,1,2,4,5,5,5,5,5,5
"41",5,6,6,6,9,9,9,9,9,9
"42",10,10,10,10,10,10,10,10,10,10
"43",1,1,1,1,1,1,1,1,1,1
"44",9,5,7,7,5,9,9,7,10,10
"45",4,8,10,8,6,4,4,4,10,5
"46",5,6,6,6,5,5,5,5,6,5
"47",9,1,1,1,10,10,10,10,10,10
"48",5,2,1,4,4,4,8,6,7,8
"49",5,3,10,4,8,4,8,8,8,8
"50",5,5,5,1,5,5,4,5,5,4
"51",2,7,7,2,8,3,3,6,7,8
"52",8,8,8,8,9,8,8,10,8,5
"53",6,8,8,9,4,7,8,9,9,9
"54",1,5,8,1,3,1,1,1,10,1
"55",4,8,8,2,4,1,1,4,9,9
"56",4,5,5,5,4,4,9,3,8,9
"57",7,8,4,3,9,5,9,9,7,9
"58",6,9,5,9,5,5,6,5,6,6
"59",5,5,5,1,3,1,1,5,5,10
"60",8,7,8,10,7,7,8,7,8,8
"61",5,5,5,2,2,2,2,7,5,6
"62",10,8,8,8,8,10,8,10,8,10
"63",6,5,8,5,2,6,10,10,10,10
"64",9,8,8,8,9,9,9,9,9,9
"65",2,5,5,5,10,5,5,5,10,5
"66",2,3,3,2,1,2,1,5,1,1
"67",7,8,8,7,6,8,8,8,8,8
"68",10,10,10,10,10,10,10,10,10,10
"69",5,5,3,3,7,9,7,7,8,10
"70",7,7,6,8,7,7,7,8,8,8
"71",10,10,10,10,10,10,10,10,10,10
"72",5,6,6,5,5,5,6,4,4,5
"73",8,10,10,8,8,6,10,10,10,10
"74",1,10,5,1,10,2,10,10,10,10
"75",9,7,9,7,7,9,10,10,10,10
"76",5,4,1,4,2,7,7,7,7,7
"77",1,1,1,1,1,1,5,5,5,1
"78",3,5,5,1,2,2,7,2,5,8
"79",4,4,2,4,5,5,5,5,10,10
"80",10,10,10,10,10,10,10,10,10,10
"81",8,9,9,9,8,6,10,10,10,10
"82",6,8,7,7,7,6,6,7,6,6
"83",7,6,5,5,6,5,8,7,8,7
"84",6,4,3,3,7,7,8,6,8,9
"85",8,8,8,8,8,10,4,10,8,10
"86",5,8,8,5,8,5,5,8,8,8
"87",5,6,7,2,1,5,7,7,9,9
"88",4,9,10,10,9,3,9,9,9,8
"89",9,9,8,9,9,9,10,8,9,9
"90",2,2,6,2,2,2,6,8,6,8
"91",7,6,7,7,6,8,8,8,8,7
"92",8,5,8,3,7,4,8,9,10,10
"93",4,2,5,2,4,5,5,5,4,5
"94",3,8,8,8,4,4,3,3,3,3
"95",8,8,8,8,5,8,10,10,10,10
"96",6,4,6,4,4,6,6,6,6,6
"97",6,5,8,4,6,6,6,7,8,8
"98",9,5,9,5,8,7,9,9,8,10
"99",8,8,8,6,7,7,9,8,5,8
"100",10,10,10,10,10,5,10,10,10,10
"101",8,9,9,9,8,9,9,9,9,10
"102",10,9,9,9,10,10,10,10,10,10
"103",9,5,8,8,8,9,9,9,9,8
"104",6,5,5,5,5,6,7,5,6,6
"105",10,5,5,5,6,6,5,8,6,5
"106",8,8,5,5,9,8,10,10,10,10
"107",8,8,8,8,8,8,8,8,8,10
"108",8,9,9,9,10,10,10,10,10,10
"109",5,1,1,1,1,5,6,7,6,6
"110",10,10,10,10,10,10,10,10,10,10
"111",4,5,7,5,7,5,8,8,10,10
"112",8,8,10,10,9,7,9,8,10,10
"113",1,5,5,1,1,1,1,8,8,9
"114",9,9,8,8,9,9,9,9,9,9
"115",7,5,7,7,7,8,5,7,7,8
"116",8,10,10,10,10,10,10,10,10,10
"117",10,10,10,10,10,10,10,10,10,10
"118",9,8,8,8,6,6,8,8,10,10
"119",5,3,1,4,5,7,7,8,8,7
"120",9,8,4,8,5,8,8,9,9,8
"121",10,8,10,9,10,10,10,8,10,9
"122",8,8,8,5,8,8,9,9,10,10
"123",5,5,6,4,7,6,7,7,8,7
"124",8,8,10,8,9,6,9,8,9,9
"125",6,6,8,6,8,4,9,7,10,10
"126",7,6,6,7,8,8,10,8,10,10
"127",4,4,8,4,4,4,5,5,4,8
"128",7,6,7,5,8,7,9,7,8,9
"129",5,3,3,3,5,3,8,8,8,8
"130",10,7,8,8,7,10,10,10,10,10
"131",9,9,9,9,9,8,8,9,9,8
"132",7,4,5,5,6,8,8,7,9,8
"133",8,7,8,7,7,7,8,8,7,8
"134",5,8,8,8,6,5,7,7,7,7
"135",9,10,8,8,10,10,10,10,10,10
"136",5,1,1,5,5,10,10,5,10,10
"137",5,5,5,3,7,5,7,5,7,7
"138",7,8,8,7,8,7,8,8,10,8
"139",3,8,4,3,2,3,3,3,8,10
"140",5,5,5,5,6,5,5,6,6,6
"141",5,2,2,4,7,7,8,9,7,8
"142",4,2,5,2,4,4,5,5,7,8
"143",8,7,7,7,10,10,10,10,10,10
"144",9,8,8,9,5,9,9,8,9,9
"145",8,7,9,8,9,8,9,9,9,9
"146",7,8,8,10,8,6,10,10,10,10
"147",5,5,4,5,5,5,10,10,10,10
"148",3,2,7,2,2,4,4,7,8,8
"149",5,8,8,5,3,5,8,9,8,8
"150",9,10,8,9,9,9,9,9,9,9
"151",5,5,3,3,3,5,5,5,8,8
"152",8,10,8,8,10,8,8,10,10,10
"153",5,8,8,4,7,7,8,8,10,10
"154",5,5,5,5,8,5,8,8,8,8
"155",1,2,2,1,2,2,2,2,8,7
"156",10,10,10,10,10,10,10,10,10,10
"157",10,10,10,7,9,8,10,10,10,10
"158",10,7,7,8,6,9,10,9,9,10
"159",4,5,5,5,2,5,5,5,5,5
"160",3,3,4,2,4,3,7,8,7,6
"161",9,8,3,9,10,10,10,10,10,10
"162",9,9,9,9,8,10,10,10,10,10
"163",8,5,8,5,7,7,7,9,8,9
"164",2,7,6,4,5,6,5,5,7,6
"165",3,2,2,2,5,5,5,5,5,5
"166",8,10,8,8,10,8,10,10,10,8
"167",10,10,8,10,10,10,10,10,10,10
"168",9,8,9,8,8,7,10,10,10,10
"169",2,3,8,2,2,3,10,3,8,8
"170",8,8,5,8,8,8,10,10,10,10
"171",10,10,7,10,10,10,10,10,10,10
"172",10,4,6,8,5,5,10,10,10,4
"173",2,5,7,2,6,2,7,2,6,7
"174",1,1,5,1,5,2,2,1,10,10
"175",8,8,9,8,8,9,9,9,9,8
"176",9,9,10,9,9,9,9,9,9,9
"177",4,3,3,3,2,3,7,7,7,7
"178",1,5,5,1,3,1,1,3,3,1
"179",10,10,10,8,8,8,10,10,10,10
"180",8,5,5,5,5,8,8,8,8,8
"181",6,8,8,8,8,8,10,8,7,8
"182",2,5,5,5,5,4,7,7,7,7
"183",7,7,7,7,8,7,7,7,8,8
"184",1,3,2,1,2,1,2,1,5,8
"185",2,1,2,1,5,2,5,5,10,9
"186",10,2,2,2,2,5,2,2,2,2
"187",5,2,3,5,3,4,5,8,8,6
"188",6,5,5,6,6,8,7,8,8,8
"189",1,10,8,4,5,5,5,3,5,6
"190",8,8,10,8,8,10,8,10,8,8
"191",9,9,9,9,9,4,2,5,9,9
"192",8,7,8,5,7,3,8,8,8,8
"193",10,6,6,10,10,10,10,10,10,10
"194",3,6,4,2,7,3,8,8,8,7
"195",8,4,4,8,8,8,9,10,10,10
"196",8,5,5,8,5,10,10,10,10,10
"197",2,2,2,4,2,2,6,7,6,7
"198",6,5,6,3,7,7,8,5,9,4
"199",5,8,6,8,5,5,9,5,8,7
"200",6,6,6,6,6,5,7,7,7,6
"201",5,6,5,6,7,7,8,8,8,7
"202",7,7,7,5,5,5,7,5,5,5
"203",8,8,8,7,8,8,9,9,9,9
"204",6,6,10,6,8,6,10,8,9,9
"205",7,5,8,5,7,8,8,6,8,8
"206",9,1,9,9,9,9,9,9,9,9
"207",5,7,8,7,9,9,8,9,9,9
"208",7,7,7,7,8,8,8,7,8,8
"209",5,4,3,5,1,4,10,10,10,2
"210",2,8,8,5,1,3,8,3,5,3
"211",3,5,1,3,2,2,3,5,7,5
"212",6,8,9,6,9,8,8,7,8,10
"213",6,6,6,5,8,7,7,8,9,9
"214",9,8,8,8,8,9,8,10,8,5
"215",5,3,9,5,7,3,5,8,8,8
"216",10,1,9,10,8,1,8,9,10,7
"217",8,6,6,7,7,8,8,6,8,10
"218",4,4,4,4,7,7,8,8,8,8
"219",7,5,4,5,5,6,8,8,8,8
"220",2,4,7,2,3,3,3,4,8,8
"221",1,1,1,1,1,1,1,1,5,5
"222",5,7,7,7,5,2,9,7,9,6
"223",2,5,5,5,2,3,3,2,2,3
"224",1,4,2,1,1,1,1,1,2,1
"225",1,1,5,1,1,1,1,10,10,7
"226",8,8,8,8,8,8,8,8,8,8
"227",5,5,5,5,5,7,9,7,7,7
"228",8,8,8,10,2,8,8,10,6,10
"229",5,5,5,3,10,4,7,10,10,7
"230",7,7,7,6,7,5,7,5,7,7
"231",7,8,8,8,6,7,6,6,9,6
"232",8,7,7,9,9,9,9,9,9,9
"233",4,5,5,3,5,5,7,7,7,7
"234",10,10,7,7,10,10,10,10,10,10
"235",7,3,4,3,5,5,8,6,5,5
"236",5,6,4,8,5,6,10,8,9,4
"237",8,7,7,7,8,7,8,8,8,9
"238",7,7,7,8,6,6,8,9,8,10
"239",6,7,7,7,7,10,10,8,8,8
"240",10,8,8,10,10,10,10,10,10,10
"241",2,3,1,2,2,3,3,8,8,8
"242",7,7,7,3,7,5,3,8,1,3
"243",4,8,8,8,7,5,5,7,8,5
"244",10,10,10,10,9,9,10,10,10,10
"245",5,10,10,5,5,5,10,10,10,10
"246",8,6,10,8,8,10,10,10,10,10
"247",8,8,10,8,8,8,8,8,8,8
"248",1,5,1,1,1,1,5,10,10,10
"249",5,7,7,7,5,5,5,8,5,8
"250",10,10,10,10,10,10,10,10,10,10
"251",7,7,7,7,8,7,7,8,8,8
"252",2,1,2,1,3,1,4,2,4,4
"253",10,10,10,10,10,10,10,10,10,10
"254",2,1,1,3,1,3,3,3,3,4
"255",5,5,5,5,3,5,5,5,5,5
"256",10,8,10,9,9,10,9,10,9,9
"257",8,8,7,8,9,5,9,8,7,7
"258",10,10,9,8,8,10,10,8,8,8
"259",8,7,6,6,5,8,8,8,7,7
"260",2,5,5,1,3,2,5,2,5,5
"261",9,10,10,10,10,10,10,10,10,10
"262",9,7,8,8,5,9,8,9,8,8
"263",7,3,3,3,5,3,5,5,7,5
"264",2,5,5,2,3,3,2,5,5,5
"265",10,10,10,10,10,10,10,10,10,10
"266",4,4,8,4,5,5,5,7,5,5
"267",6,7,6,6,7,6,3,7,3,5
"268",8,7,7,7,10,10,10,10,10,10
"269",10,10,10,10,10,10,8,10,10,10
"270",8,5,8,7,5,5,10,10,10,10
"271",7,4,8,7,7,7,7,7,7,7
"272",1,1,4,1,1,1,1,1,1,1
"273",8,9,9,9,7,7,9,9,9,8
"274",5,5,8,6,7,6,6,6,5,5
"275",9,8,8,10,8,10,10,10,10,10
"276",10,10,10,10,5,3,9,9,7,5
"277",10,10,10,10,10,10,10,10,10,10
"278",10,7,8,5,6,8,10,5,10,10
"279",4,4,4,3,3,3,3,3,6,3
"280",5,4,5,5,5,5,8,8,8,8
"281",5,5,5,5,4,5,8,7,8,7
"282",7,8,8,8,8,8,8,8,8,8
"283",5,5,5,5,8,10,10,10,10,10
"284",5,4,4,3,5,6,4,5,8,2
"285",9,7,5,5,5,6,8,8,8,8
"286",7,6,4,7,6,8,7,8,9,9
"287",5,3,3,5,5,4,7,7,5,7
"288",10,10,10,10,10,10,10,10,10,10
"289",8,9,9,8,5,8,9,9,9,9
"290",8,5,5,8,8,8,10,8,8,8
"291",4,5,5,3,1,3,8,7,8,8
"292",7,7,7,7,6,5,7,7,8,8
"293",5,6,6,5,5,6,6,6,7,6
"294",1,1,1,1,1,1,4,4,1,1
"295",5,8,8,6,7,5,6,9,9,9
"296",7,7,7,7,8,8,6,9,7,7
"297",7,7,6,6,8,7,8,9,7,8
"298",5,7,7,5,5,6,8,8,8,8
"299",2,5,5,2,3,2,2,8,8,8
"300",3,2,5,5,2,2,5,3,5,5
"301",10,9,10,10,8,10,10,10,10,10
"302",5,5,7,5,5,5,7,5,8,8
"303",7,8,10,7,8,8,8,8,8,7
"304",5,8,8,6,7,4,5,5,7,8
"305",6,6,5,1,5,5,5,9,8,9
"306",5,5,7,5,7,7,7,5,7,7
"307",8,9,8,8,5,7,9,9,9,9
"308",9,9,10,9,6,6,8,8,7,7
"309",8,5,5,5,5,5,10,5,10,10
"310",7,10,10,7,7,7,10,10,10,10
"311",9,8,8,9,8,4,10,10,9,10
"312",10,5,8,8,5,8,10,10,10,10
"313",10,10,10,10,5,10,8,10,10,10
"314",2,5,5,5,2,3,3,4,5,8
"315",2,5,2,2,5,2,2,5,5,2
"316",3,1,1,2,3,5,6,6,6,6
"317",7,8,7,9,7,7,5,9,5,5
"318",8,8,10,8,8,7,8,8,10,10
"319",5,5,5,5,5,7,8,6,8,8
"320",5,7,8,6,6,4,7,8,9,9
"321",9,8,8,10,9,10,10,10,10,10
"322",5,8,9,8,8,5,7,8,7,8
"323",4,3,1,4,8,7,8,8,8,8
"324",8,8,8,8,8,8,8,8,8,8
"325",4,1,1,1,1,5,6,8,8,8
"326",4,9,9,2,9,6,9,9,9,9
"327",7,2,5,4,7,8,8,8,8,8
"328",10,10,10,10,10,10,10,10,10,10
"329",8,6,8,7,7,8,8,8,10,10
"330",5,5,7,7,1,6,2,7,2,8
"331",2,8,8,1,1,1,8,8,8,8
"332",8,8,7,7,7,7,6,8,8,8
"333",3,2,5,2,4,5,5,5,5,5
"334",10,10,10,10,10,7,10,10,10,10
"335",5,4,4,4,4,6,5,5,6,6
"336",5,5,2,3,10,10,10,10,10,10
"337",8,9,8,9,6,8,8,7,8,7
"338",9,7,7,10,9,9,9,10,10,10
"339",5,5,8,5,5,5,5,5,8,5
"340",6,8,10,10,5,8,10,8,10,10
"341",7,10,10,9,8,7,8,8,10,10
"342",3,3,3,3,5,5,9,8,8,8
"343",10,10,10,10,10,5,10,10,10,10
"344",1,5,5,1,1,1,5,1,5,5
"345",5,5,4,2,1,1,6,5,7,9
"346",7,2,5,2,5,8,10,10,10,10
"347",8,9,9,7,8,8,10,10,10,10
"348",6,7,7,2,5,2,7,2,3,4
"349",4,5,4,4,5,3,5,6,9,7
"350",1,1,1,1,3,1,4,5,3,5
"351",10,10,10,10,10,10,10,10,10,10
"352",10,10,9,10,9,9,10,10,10,10
"353",1,8,8,1,2,3,10,10,1,1
"354",10,9,9,9,8,10,10,8,10,8
"355",5,5,8,5,8,8,8,8,10,10
"356",2,8,3,1,2,2,5,8,8,8
"357",5,8,3,5,5,8,7,1,1,1
"358",7,7,8,7,10,7,10,7,10,10
"359",3,2,7,2,3,4,4,6,9,8
"360",5,2,2,2,5,5,5,5,5,5
"361",3,3,3,2,5,2,5,5,5,5
"362",8,8,8,5,8,5,7,8,8,6
"363",7,5,4,6,7,8,7,8,8,8
"364",8,8,8,8,1,8,3,3,3,3
"365",3,2,1,1,5,1,1,10,10,10
"366",10,10,10,10,10,10,10,10,10,10
"367",7,7,7,7,8,8,8,8,8,8
"368",5,5,5,5,5,5,5,5,5,5
"369",5,5,1,2,4,4,8,5,5,5
"370",7,8,8,7,7,7,7,7,7,8
"371",1,1,3,1,1,1,1,5,5,5
"372",10,10,10,10,10,10,10,10,10,10
"373",4,2,5,1,5,3,10,10,10,10
"374",5,3,5,8,8,8,8,9,10,9
"375",9,9,9,10,10,10,10,10,9,9
"376",4,5,4,4,4,4,9,9,9,9
"377",4,3,3,4,7,7,8,8,8,8
"378",4,8,8,4,8,3,3,8,9,9
"379",8,1,5,1,10,10,10,10,5,5
"380",3,2,3,2,3,3,8,8,8,8
"381",6,5,10,5,3,8,9,8,8,9
"382",2,1,1,1,1,1,1,3,7,7
"383",8,8,8,8,8,5,8,5,5,5
"384",6,6,8,6,8,8,8,8,8,8
"385",10,10,10,10,10,10,10,10,10,10
"386",10,10,10,10,10,10,10,10,10,10
"387",6,6,6,6,9,7,7,8,9,7
"388",5,7,7,5,9,6,7,8,7,9
"389",9,9,9,9,8,9,9,9,9,9
"390",1,1,1,1,8,1,8,8,8,8
"391",6,5,6,5,6,6,7,7,7,6
"392",7,7,9,7,8,8,8,8,9,9
"393",5,5,5,5,8,8,8,8,8,8
"394",7,9,10,9,10,8,9,9,10,10
"395",7,7,8,6,6,5,5,5,6,6
"396",5,3,5,5,5,9,5,7,7,7
"397",5,5,5,5,5,5,5,5,5,5
"398",10,10,10,10,10,10,10,10,10,10
"399",10,10,10,10,10,10,10,10,10,10
"400",6,6,6,6,6,6,6,8,8,6
"401",6,6,5,6,5,7,6,5,8,4
"402",7,7,7,7,5,5,5,5,8,10
"403",8,10,6,10,7,8,10,10,10,10
"404",7,5,5,5,6,6,6,7,6,6
"405",9,8,9,9,8,8,8,8,8,8
"406",1,1,1,1,4,4,5,5,4,5
"407",10,8,7,7,10,9,8,9,8,8
"408",10,10,10,10,10,10,10,10,10,10
"409",2,2,1,1,1,1,1,1,2,3
"410",4,7,7,4,4,4,4,5,7,4
"411",2,1,3,2,3,4,5,5,5,5
"412",2,3,3,1,2,2,2,2,2,2
"413",7,7,7,7,6,8,8,7,8,7
"414",6,8,9,8,2,5,5,5,5,5
"415",5,5,3,3,6,6,6,6,6,6
"416",8,8,8,8,9,10,8,10,10,8
"417",5,7,7,2,4,4,7,7,9,8
"418",5,4,4,1,5,5,5,5,5,5
"419",3,2,1,3,4,5,4,5,4,4
"420",9,9,9,9,9,9,8,9,8,8
"421",5,1,6,5,1,7,6,7,7,5
"422",7,7,9,8,7,7,7,8,8,8
"423",7,6,8,8,8,9,10,10,10,9
"424",8,7,6,7,8,8,8,8,8,8
"425",8,10,10,10,7,8,9,10,10,10
"426",8,8,8,7,7,7,6,8,8,8
"427",7,8,6,7,7,8,10,10,10,8
"428",8,9,10,9,9,8,9,9,9,9
"429",6,5,5,3,5,3,3,6,7,6
"430",5,5,5,5,5,5,5,5,5,5
"431",2,8,8,5,1,1,2,5,5,5
"432",5,5,5,5,5,5,5,5,7,7
"433",2,1,1,2,5,2,2,5,1,1
"434",10,9,9,10,10,10,8,10,9,10
"435",1,3,1,1,5,3,3,3,3,4
"436",9,8,7,9,8,8,6,5,8,7
"437",7,7,4,4,7,6,8,9,8,7
"438",5,8,4,4,6,5,5,5,4,5
"439",4,10,10,10,6,5,5,7,10,10
"440",1,1,1,1,2,1,1,1,8,8
"441",6,5,4,4,8,7,6,7,8,6
"442",5,5,5,3,5,5,9,9,8,8
"443",5,1,5,5,5,5,7,7,7,7
"444",1,1,1,1,1,10,10,10,10,10
"445",6,4,6,4,7,7,7,7,7,7
"446",8,8,8,8,7,8,8,10,10,8
"447",3,5,5,3,5,5,7,9,8,7
"448",1,1,1,1,2,1,8,1,8,8
"449",10,8,8,8,8,10,10,10,10,1
"450",7,7,7,6,7,5,5,7,6,6
"451",5,3,8,3,2,4,8,2,8,8
"452",5,5,7,3,5,8,8,8,8,5
"453",6,6,7,6,5,5,5,7,5,5
"454",10,10,10,10,10,10,8,10,10,6
"455",4,3,2,3,4,3,5,7,7,7
"456",9,9,9,9,9,8,10,10,10,10
"457",2,5,7,4,6,3,2,7,8,8
"458",8,10,10,10,8,8,8,10,10,8
"459",5,5,5,5,5,5,5,1,5,10
"460",6,5,5,4,5,6,4,5,5,4
"461",8,8,8,8,8,8,8,8,8,8
"462",5,3,2,3,5,3,1,4,7,5
"463",1,5,5,1,5,1,2,1,5,5
"464",5,3,7,4,5,5,5,6,7,4
"465",7,7,9,9,9,9,9,9,9,9
"466",8,7,8,8,7,8,10,10,8,10
"467",5,5,4,5,8,5,5,7,10,10
"468",7,8,8,8,5,3,8,10,10,10
"469",8,7,6,7,7,8,8,8,8,8
"470",6,1,1,1,6,6,6,9,10,9
"471",7,5,5,5,5,5,5,5,5,5
"472",3,1,1,1,2,2,5,10,5,5
"473",5,1,1,1,10,10,10,10,10,10
"474",5,6,4,3,6,8,9,6,10,9
"475",9,9,9,8,8,7,7,8,7,8
"476",5,5,3,5,5,5,8,10,10,10
"477",8,9,8,5,8,5,5,8,3,8
"478",7,3,3,3,5,6,7,7,6,7
"479",7,8,7,9,9,8,8,10,10,9
"480",9,8,8,8,10,8,10,9,10,10
"481",1,1,4,2,5,9,6,4,9,9
"482",8,8,9,7,7,8,8,8,8,7
"483",8,8,8,8,8,8,9,9,9,9
"484",5,6,6,6,6,5,4,6,5,6
"485",6,8,8,6,6,6,8,8,6,10
"486",6,1,3,5,5,5,7,7,7,7
"487",5,5,5,5,3,4,3,8,8,8
"488",5,8,9,8,6,5,8,8,9,7
"489",3,7,7,3,8,7,5,8,9,9
"490",1,1,2,2,2,2,2,5,2,7
"491",5,5,9,5,1,8,6,6,6,6
"492",8,7,6,5,6,7,5,5,5,6
"493",4,3,2,4,3,4,5,6,5,4
"494",4,3,4,3,7,7,8,9,7,7
"495",7,8,8,8,6,7,6,8,7,8
"496",4,5,5,4,4,3,3,6,8,4
"497",5,5,6,5,5,5,5,5,5,5
"498",8,5,5,5,5,5,8,5,5,5
"499",8,8,8,8,8,9,7,9,8,9
"500",5,8,5,8,5,5,8,5,5,1
"501",9,9,9,9,9,9,9,9,9,9
"502",8,8,8,8,5,5,7,5,7,7
"503",8,8,8,8,6,7,8,7,7,7
"504",8,5,9,5,9,9,9,9,9,9
"505",5,5,6,5,6,6,7,6,9,9
"506",7,7,9,5,5,7,9,8,8,2
"507",5,5,5,5,5,5,9,5,9,9
"508",10,10,10,10,2,5,10,8,10,10
"509",8,7,10,10,1,5,8,10,10,10
"510",9,8,9,9,9,9,10,10,10,10
"511",7,6,7,6,7,7,7,7,9,7
"512",5,6,6,7,3,4,3,5,3,3
"513",8,8,10,7,7,8,10,10,10,10
"514",8,6,7,6,4,7,6,7,8,8
"515",7,7,7,7,7,7,7,10,10,10
"516",8,7,9,8,8,7,9,8,10,6
"517",6,6,7,4,6,10,10,10,10,10
"518",8,10,9,8,9,9,8,7,9,8
"519",2,5,5,5,8,3,3,3,9,8
"520",8,9,9,9,8,8,10,9,7,6
"521",10,8,8,7,10,9,8,10,9,10
"522",9,6,10,4,8,2,7,10,10,10
"523",10,10,10,10,10,10,10,10,10,10
"524",3,4,5,4,8,9,10,10,9,9
"525",6,5,5,6,8,7,9,8,9,9
"526",7,6,8,5,9,4,10,10,10,10
"527",8,10,10,7,8,8,8,8,10,7
"528",4,3,5,3,3,2,8,10,8,8
"529",5,2,2,9,2,2,8,8,8,9
"530",10,10,10,10,10,10,10,10,10,10
"531",5,3,5,2,5,5,3,10,10,10
"532",8,5,5,5,10,8,10,10,10,10
"533",3,6,7,3,3,3,3,3,3,3
"534",5,4,4,3,6,5,8,7,5,7
"535",5,5,3,7,3,5,5,3,7,7
"536",10,9,9,9,9,10,9,10,10,10
"537",8,4,5,5,5,6,7,7,7,8
"538",10,10,10,10,10,10,10,10,10,10
"539",5,5,1,4,1,1,5,5,5,5
"540",6,7,7,7,8,7,7,7,7,7
"541",5,5,5,4,5,5,4,6,9,6
"542",9,8,8,8,8,8,10,8,10,8
"543",10,8,10,8,9,9,10,9,9,9
"544",5,5,4,5,5,5,5,5,7,7
"545",3,2,2,2,7,5,6,7,7,7
"546",9,9,9,8,8,8,8,9,9,9
"547",8,10,8,7,7,7,8,10,10,9
"548",4,4,2,4,8,4,8,8,10,10
"549",6,8,8,6,8,8,8,8,8,8
"550",3,5,5,5,3,3,3,8,8,8
"551",5,5,8,6,5,5,5,5,5,5
"552",10,5,8,5,8,10,10,8,10,10
"553",7,8,10,6,5,5,6,6,10,10
"554",5,4,4,2,5,5,5,5,5,8
"555",10,10,10,10,5,10,10,10,10,10
"556",5,5,5,5,10,5,10,10,10,10
"557",5,4,10,4,9,6,9,10,9,9
"558",7,8,8,8,8,8,8,9,9,9
"559",10,10,10,10,10,10,10,10,10,10
"560",7,2,2,5,10,8,10,8,8,8
"561",1,1,5,1,5,1,1,4,9,9
"562",6,5,5,5,7,7,8,8,8,8
"563",8,7,8,8,5,8,7,7,6,6
"564",6,3,3,3,1,5,5,3,6,5
"565",7,8,8,7,5,7,7,8,7,8
"566",6,8,9,7,6,5,4,9,7,8
"567",10,8,10,8,10,8,10,10,10,10
"568",2,5,5,7,2,2,8,10,8,8
"569",5,4,4,2,5,5,10,8,10,7
"570",3,5,3,4,5,3,3,8,10,10
"571",5,4,5,5,6,7,7,7,7,7
"572",1,1,1,1,1,1,1,1,7,7
"573",10,9,10,8,8,10,10,8,8,8
"574",9,8,8,8,8,10,10,10,10,10
"575",4,6,6,4,5,5,5,8,8,8
"576",6,4,5,4,7,5,8,9,8,8
"577",6,3,4,6,4,3,4,8,10,10
"578",3,3,7,3,6,5,7,7,7,9
"579",3,7,9,4,3,3,10,10,10,8
"580",10,6,5,8,10,10,10,10,10,10
"581",5,4,4,4,6,6,8,7,7,7
"582",4,3,5,3,4,5,6,9,7,5
"583",8,8,8,6,7,8,7,10,8,8
"584",8,10,8,8,10,10,10,10,10,10
"585",10,10,10,10,10,10,10,10,10,10
"586",2,5,4,2,4,3,3,4,4,4
"587",3,5,5,2,5,3,8,3,10,8
"588",6,5,5,5,8,7,8,8,8,10
"589",10,9,10,10,9,9,10,10,10,10
"590",1,10,10,6,10,1,10,10,10,10
"591",3,3,2,3,4,2,9,9,9,4
"592",10,10,10,10,9,10,10,10,10,10
"593",3,3,6,4,3,2,4,3,4,4
"594",5,10,10,5,5,5,10,10,10,10
"595",10,1,10,5,10,5,10,10,10,10
"596",5,5,10,2,5,2,5,5,10,10
"597",4,4,3,4,5,4,5,6,7,5
"598",2,5,5,5,2,1,2,2,8,7
"599",4,4,3,3,6,5,8,8,8,8
"600",7,5,7,7,6,8,10,9,10,8
"601",6,3,4,4,7,7,8,8,9,7
"602",3,2,9,3,8,7,4,7,5,5
"603",8,8,8,8,8,7,7,9,9,8
"604",3,8,1,3,4,5,2,3,8,8
"605",8,5,4,6,9,8,8,8,8,8
"606",3,5,6,3,7,3,10,10,10,8
"607",2,4,4,2,4,4,4,8,8,8
"608",5,1,1,1,1,1,1,1,1,1
"609",7,6,8,6,6,7,9,9,9,9
"610",5,5,5,3,7,7,6,9,8,8
"611",10,8,8,10,8,8,10,10,10,10
"612",9,7,10,8,8,10,10,10,10,10
"613",5,4,3,4,5,5,8,8,8,6
"614",10,10,10,10,10,10,10,10,10,10
"615",8,9,9,10,6,6,8,6,10,6
"616",4,4,6,4,5,4,6,8,7,8
"617",10,8,8,8,8,8,9,8,9,9
"618",7,7,7,7,8,7,7,7,7,7
"619",2,1,1,1,1,1,7,10,10,10
"620",5,5,5,4,3,1,7,7,8,7
"621",8,6,6,6,6,6,6,6,6,6
"622",5,3,8,5,8,5,8,6,8,8
"623",4,5,2,4,3,4,4,6,10,10
"624",5,8,8,8,8,2,8,8,8,8
"625",5,5,5,5,5,5,5,5,5,5
"626",4,5,6,6,4,4,5,6,6,6
"627",4,6,9,4,2,2,3,9,10,10
"628",5,5,5,5,5,5,7,5,7,7
"629",4,6,6,6,6,2,6,6,5,5
"630",5,1,3,1,2,5,8,7,10,10
"631",5,5,3,5,10,10,10,10,10,10
"632",7,5,5,6,6,6,7,5,10,8
"633",4,5,5,5,4,3,5,10,9,9
"634",9,9,9,9,9,9,9,9,9,9
"635",5,5,1,5,5,5,5,10,10,10
"636",5,7,7,7,5,6,5,5,10,10
"637",5,5,7,5,2,2,8,10,10,10
"638",7,9,9,10,10,10,10,7,10,10
"639",8,9,5,5,8,8,8,8,8,8
"640",2,2,7,7,2,7,2,4,7,3
"641",9,9,9,9,10,10,10,10,10,10
"642",5,6,8,6,7,6,6,7,6,6
"643",8,5,8,8,8,5,5,5,8,8
"644",10,8,8,8,9,9,9,9,10,10
"645",7,5,2,5,7,8,5,5,5,8
"646",5,6,3,4,7,6,7,6,7,7
"647",5,5,6,5,6,6,6,6,6,6
"648",10,7,7,8,9,9,10,9,9,10
"649",1,1,1,5,10,7,10,10,10,10
"650",10,10,10,10,10,10,10,10,10,10
"651",9,9,9,9,9,9,9,9,9,9
"652",10,10,10,10,10,10,10,10,10,10
"653",10,8,10,9,10,8,9,9,8,10
"654",7,7,8,8,8,6,8,7,10,8
"655",9,10,10,9,5,3,10,10,10,10
"656",6,5,8,5,8,8,10,10,10,10
"657",5,8,8,8,8,8,10,8,10,10
"658",5,5,5,4,5,5,8,8,5,8
"659",10,10,10,10,10,10,10,10,10,10
"660",10,10,10,10,10,10,10,10,10,9
"661",5,5,6,3,5,2,5,5,5,5
"662",5,10,10,10,8,10,10,10,8,10
"663",2,1,1,1,9,9,10,10,10,9
"664",3,5,7,5,3,3,5,5,8,7
"665",4,1,4,1,4,8,8,8,3,8
"666",4,7,8,5,2,7,4,10,5,8
"667",9,7,5,7,7,8,7,7,7,5
"668",7,6,8,6,8,5,8,7,8,8
"669",5,5,8,4,5,6,9,8,9,9
"670",5,3,5,4,5,7,8,10,10,10
"671",2,2,2,2,2,4,2,5,6,6
"672",8,3,5,5,5,5,8,8,8,8
"673",8,5,5,5,8,8,10,10,10,10
"674",7,7,6,5,6,7,8,7,10,10
"675",10,9,10,10,10,10,10,10,10,10
"676",3,3,3,3,6,6,6,5,8,2
"677",5,5,5,5,10,10,10,10,10,10
"678",5,4,5,4,4,5,5,5,5,5
"679",5,5,5,5,5,8,8,8,8,8
"680",8,6,6,8,8,10,10,10,10,10
"681",8,9,9,4,8,7,9,8,8,8
"682",2,1,1,2,6,6,6,6,10,8
"683",2,1,1,3,1,4,8,6,6,6
"684",5,7,7,3,5,1,10,8,10,8
"685",2,1,3,1,5,5,5,5,5,3
"686",8,6,6,7,9,9,10,10,10,10
"687",6,7,6,7,6,6,6,6,6,6
"688",3,3,1,4,5,5,5,5,10,10
"689",5,1,5,5,10,8,8,8,7,8
"690",6,7,8,7,8,8,6,8,6,5
"691",6,8,8,5,5,5,2,8,3,5
"692",6,5,7,8,10,8,8,9,10,10
"693",8,6,6,6,8,7,7,9,8,8
"694",7,7,8,7,8,7,8,8,9,8
"695",6,7,7,6,3,6,8,8,8,8
"696",8,7,9,7,7,8,9,9,10,10
"697",7,7,5,5,5,7,7,8,8,8
"698",7,9,8,8,8,8,8,10,8,10
"699",8,8,8,8,7,7,8,7,7,8
"700",4,4,5,5,2,3,6,3,4,4
"701",8,9,10,9,9,9,9,8,8,8
"702",4,3,5,3,5,6,5,10,10,5
"703",8,9,7,8,7,8,8,8,8,8
"704",8,1,1,1,1,1,9,1,9,9
"705",5,9,9,5,8,8,10,10,10,10
"706",5,8,8,1,5,5,5,3,5,5
"707",10,10,10,10,10,10,10,10,10,10
"708",1,1,1,1,2,4,4,4,4,2
"709",9,10,10,10,9,9,10,10,10,10
"710",7,5,10,5,7,6,7,10,10,10
"711",1,2,2,1,1,3,5,5,5,5
"712",8,9,9,10,5,8,8,9,9,9
"713",7,3,4,5,7,7,9,5,6,7
"714",6,7,9,7,5,5,9,8,9,9
"715",5,5,5,5,5,5,5,5,5,5
"716",6,6,6,6,6,6,9,9,9,7
"717",5,5,5,5,5,5,5,5,5,5
"718",3,1,1,5,5,5,7,6,5,7
"719",8,10,10,10,8,8,10,10,10,10
"720",4,6,7,4,2,3,9,7,9,8
"721",5,1,1,5,5,5,5,5,5,5
"722",5,5,8,5,5,5,5,8,8,8
"723",5,4,5,2,2,3,4,5,7,8
"724",5,5,9,5,9,5,9,5,9,9
"725",8,6,8,8,8,10,10,10,10,9
"726",9,9,9,9,9,9,9,9,9,9
"727",10,10,9,9,10,8,10,10,10,10
"728",8,5,6,6,7,8,8,8,8,8
"729",5,6,6,5,8,5,8,5,6,8
"730",7,3,5,1,1,7,5,7,7,7
"731",7,7,9,7,7,9,9,9,10,10
"732",7,8,8,8,9,9,8,9,8,8
"733",4,4,4,4,8,9,8,8,9,9
"734",4,8,8,7,1,2,2,2,1,1
"735",8,8,8,8,8,8,8,8,8,8
"736",10,10,10,10,10,10,10,10,10,10
"737",4,3,5,3,4,3,4,6,4,6
"738",5,1,1,1,10,10,10,10,10,10
"739",10,9,9,10,10,9,10,10,10,10
"740",10,8,8,10,10,10,10,10,10,10
"741",8,8,6,8,7,7,9,10,10,10
"742",6,6,5,6,4,5,5,7,7,4
"743",5,3,5,3,5,6,5,5,6,7
"744",8,7,7,8,6,7,10,10,10,10
"745",3,5,1,1,10,4,10,10,10,10
"746",6,6,6,6,6,6,6,6,6,6
"747",5,4,5,3,8,5,2,10,4,5
"748",8,6,9,8,6,8,8,6,8,8
"749",5,5,5,5,5,8,8,8,6,6
"750",3,2,3,1,4,5,6,8,7,6
"751",6,5,6,4,7,5,8,8,7,9
"752",10,8,10,8,10,10,10,10,10,10
"753",6,8,10,3,7,6,6,6,9,7
"754",3,1,1,1,3,2,8,4,5,8
"755",9,9,5,9,10,10,10,10,10,10
"756",4,8,8,8,1,1,3,5,8,5
"757",5,5,3,5,6,6,4,6,8,6
"758",4,3,4,3,2,4,5,5,8,5
"759",2,2,2,2,2,2,10,10,8,10
"760",10,10,10,10,10,10,10,10,10,10
"761",1,1,1,1,1,5,5,8,5,5
"762",8,8,8,6,8,8,10,8,10,8
"763",5,2,2,1,5,5,2,8,6,8
"764",5,5,5,10,10,5,10,10,8,10
"765",1,1,1,1,1,1,1,1,9,9
"766",3,5,3,2,2,2,2,4,3,3
"767",8,8,8,7,8,5,8,8,9,9
"768",8,3,6,8,9,10,10,10,10,10
"769",10,6,6,6,8,7,7,7,7,10
"770",8,7,8,4,10,8,10,10,10,10
"771",7,10,10,10,7,7,7,7,10,7
"772",4,7,6,7,10,7,8,8,10,10
"773",7,5,6,8,8,8,8,6,8,9
"774",5,5,4,5,5,4,4,5,7,8
"775",7,7,8,8,6,6,6,6,6,6
"776",6,5,5,5,4,8,8,8,5,8
"777",8,2,10,8,10,10,10,10,10,10
"778",5,5,7,5,5,5,4,3,2,2
"779",5,5,8,5,8,6,5,5,5,5
"780",2,3,3,3,3,7,7,7,7,7
"781",5,6,6,6,6,6,6,6,6,6
"782",8,7,7,7,7,7,7,7,7,7
"783",6,6,7,3,6,1,5,6,8,5
"784",10,10,10,10,10,10,10,10,10,10
"785",1,1,1,1,5,1,3,5,5,5
"786",5,5,5,5,5,5,5,5,5,5
"787",5,8,8,5,4,5,4,7,9,5
"788",4,3,3,3,10,3,10,10,10,10
"789",5,5,5,5,5,5,8,5,8,5
"790",9,7,9,9,9,8,9,9,9,7
"791",6,5,4,5,4,5,3,8,8,8
"792",3,7,4,2,10,3,3,5,4,1
"793",4,7,7,7,8,5,7,10,4,4
"794",6,5,7,5,5,8,10,10,6,10
"795",4,3,4,5,7,6,3,5,8,4
"796",7,7,6,6,5,6,5,5,8,7
"797",1,1,1,1,5,7,7,5,10,5
"798",9,9,10,9,8,9,10,9,10,10
"799",5,5,5,5,1,1,5,1,1,5
"800",8,7,8,7,9,1,9,10,4,10
"801",4,4,7,2,4,4,4,4,4,4
"802",8,8,8,6,8,6,8,8,8,8
"803",8,8,10,8,6,7,8,7,6,7
"804",8,8,6,8,8,8,8,8,7,7
"805",5,5,5,2,4,4,4,5,7,8
"806",10,5,8,8,10,10,8,10,8,10
"807",6,6,8,6,6,7,7,8,9,9
"808",10,6,5,1,2,10,5,5,5,5
"809",10,3,7,3,1,7,10,10,10,10
"810",6,8,5,5,8,7,7,8,9,9
"811",10,10,10,10,10,10,10,10,10,10
"812",8,10,10,10,2,2,10,5,10,10
"813",8,7,7,7,7,8,8,8,8,8
"814",7,6,3,5,5,8,8,8,5,5
"815",9,9,9,8,9,9,9,8,9,8
"816",10,8,8,8,10,7,10,10,10,10
"817",8,7,7,7,8,6,8,9,8,9
"818",3,3,2,2,4,4,5,5,5,2
"819",6,6,5,4,3,7,9,6,9,8
"820",7,8,8,6,5,8,6,8,9,7
"821",6,6,6,8,7,7,7,7,8,7
"822",4,1,1,2,7,4,4,6,5,5
"823",10,10,10,10,10,10,10,10,10,10
"824",6,6,6,6,7,7,8,8,8,8
"825",4,5,7,1,1,1,8,6,5,4
"826",9,3,3,5,8,9,8,8,10,10
"827",2,3,1,2,3,2,1,7,9,9
"828",6,6,7,6,7,8,9,7,9,9
"829",5,5,9,5,5,5,5,7,8,8
"830",8,7,8,8,8,9,8,7,8,7
"831",10,10,10,10,10,10,10,10,10,10
"832",7,7,5,6,8,6,5,7,8,7
"833",3,5,7,1,5,2,10,10,10,10
"834",2,5,5,5,5,5,5,5,5,5
"835",6,8,8,8,6,6,8,8,8,8
"836",6,8,6,3,1,1,8,8,8,5
"837",6,3,3,3,5,5,7,10,10,10
"838",9,9,9,6,10,10,10,10,10,10
"839",8,6,8,6,8,8,10,10,10,10
"840",5,8,8,5,6,5,10,10,10,7
"841",1,3,2,2,1,2,4,6,6,1
"842",3,1,1,1,1,5,5,6,10,7
"843",10,9,10,9,10,10,10,10,10,10
"844",1,1,1,1,1,1,1,1,1,1
"845",4,2,5,2,5,5,5,5,5,5
"846",8,8,8,8,8,5,8,8,8,8
"847",10,8,7,8,8,9,6,8,10,10
"848",4,8,9,8,10,4,10,10,10,10
"849",5,9,9,2,6,4,7,6,5,5
"850",5,9,10,5,9,5,5,5,5,5
"851",9,9,9,9,9,9,9,9,9,9
"852",5,4,6,4,4,6,6,6,8,8
"853",8,7,7,6,7,7,8,7,8,7
"854",4,4,10,8,6,6,4,8,4,8
"855",5,5,5,5,5,5,5,5,8,8
"856",2,5,4,2,4,3,10,8,10,10
"857",8,8,8,10,9,10,9,9,9,10
"858",9,9,9,9,9,10,10,10,10,10
"859",8,10,10,10,10,10,10,10,10,10
"860",4,5,5,3,3,2,7,8,8,8
"861",8,1,5,7,1,8,10,8,7,10
"862",4,1,1,5,5,5,9,5,5,5
"863",9,8,8,8,8,8,9,8,8,9
"864",1,5,5,1,1,1,1,5,10,10
"865",9,5,5,8,8,10,8,10,10,10
"866",7,6,6,7,8,6,10,7,10,10
"867",7,9,9,9,9,9,9,9,9,9
"868",10,10,10,10,10,10,10,10,10,10
"869",8,8,8,8,8,8,8,8,9,8
"870",10,8,8,8,8,8,10,8,9,10
"871",10,10,10,10,10,10,10,10,10,10
"872",5,5,5,5,7,8,8,10,7,10
"873",8,6,7,7,5,8,8,8,8,8
"874",2,8,8,5,1,1,8,8,8,8
"875",10,10,10,10,10,10,10,10,10,10
"876",8,5,5,5,7,7,6,7,7,6
"877",5,5,4,5,5,5,5,5,2,1
"878",5,3,2,3,5,7,8,7,10,7
"879",8,10,10,10,10,10,10,10,10,10
"880",7,6,7,8,7,7,8,8,8,8
"881",2,5,9,1,5,1,3,7,9,9
"882",6,5,5,5,6,7,6,7,6,6
"883",6,6,7,6,6,6,7,6,7,7
"884",10,10,10,3,10,3,10,10,10,10
"885",7,7,8,7,7,8,7,10,10,8
"886",10,10,10,10,10,7,10,10,10,10
"887",4,5,5,5,5,5,6,6,6,6
"888",7,8,5,8,3,7,10,6,7,10
"889",7,7,8,7,7,7,6,8,7,6
"890",2,2,10,2,9,8,10,7,10,10
"891",5,5,5,2,1,2,7,2,2,1
"892",6,6,5,6,6,5,6,7,7,7
"893",8,8,8,8,8,2,8,8,8,1
"894",8,10,10,1,1,1,10,1,1,10
"895",5,8,8,5,10,1,10,10,10,10
"896",5,8,8,8,5,5,5,8,8,8
"897",7,8,8,7,6,6,6,8,9,7
"898",3,1,7,3,1,3,3,7,7,3
"899",2,1,1,2,2,2,2,5,7,6
"900",7,5,5,6,7,7,8,8,8,7
"901",6,4,5,4,6,6,7,8,9,9
"902",10,10,10,10,10,7,5,10,10,10
"903",7,7,7,8,6,6,8,8,8,8
"904",8,6,10,5,5,5,10,5,7,10
"905",2,1,5,2,2,1,2,8,10,10
"906",3,3,5,3,2,8,7,8,7,9
"907",8,3,4,4,5,7,10,10,10,6
"908",8,4,4,5,8,8,10,8,10,10
"909",4,4,5,4,4,4,6,6,6,6
"910",8,7,8,7,5,7,10,8,8,7
"911",8,10,10,10,8,8,10,10,10,10
"912",1,1,1,1,1,1,1,1,1,1
"913",8,8,5,8,8,10,10,10,10,10
"914",5,7,10,5,1,6,7,8,7,10
"915",8,8,8,5,8,8,10,10,8,8
"916",1,1,1,1,1,3,5,5,5,5
"917",6,5,6,6,6,5,4,5,5,6
"918",8,7,7,7,7,7,7,7,7,7
"919",3,5,5,5,3,3,7,5,10,10
"920",2,3,6,2,2,2,5,5,9,9
"921",6,7,3,4,5,5,5,6,6,7
"922",6,7,5,7,7,6,6,7,10,10
"923",7,7,6,7,7,6,8,8,10,8
"924",10,10,10,10,10,8,10,10,10,10
"925",4,2,3,2,5,4,7,6,6,4
"926",5,6,8,7,5,5,5,8,8,7
"927",8,8,8,8,8,8,9,9,9,9
"928",9,8,8,9,7,9,9,9,9,7
"929",5,3,3,5,5,7,8,8,8,8
"930",7,4,3,3,3,3,9,7,9,8
"931",2,4,3,1,1,2,10,2,10,10
"932",10,8,10,10,10,10,10,10,10,10
"933",7,6,8,8,7,7,6,9,9,9
"934",8,7,10,7,8,8,10,10,10,8
"935",8,5,8,8,5,3,5,5,5,8
"936",7,7,6,7,6,7,8,9,9,7
"937",9,9,7,8,10,9,10,9,10,10
"938",2,1,1,1,5,3,8,5,8,8
"939",3,1,1,1,5,5,10,10,10,10
"940",10,10,10,10,9,10,7,9,7,7
"941",9,8,9,8,9,9,9,9,9,10
"942",9,6,7,5,7,8,7,8,8,9
"943",10,10,10,10,10,10,10,10,10,10
"944",7,8,7,7,8,7,8,8,8,8
"945",4,4,2,1,5,6,7,7,7,6
"946",7,7,7,7,7,5,8,8,7,8
"947",1,1,1,1,1,1,3,1,8,8
"948",4,2,6,5,5,8,8,7,8,8
"949",10,10,10,10,10,10,10,10,10,10
"950",7,6,5,5,6,6,6,7,6,5
"951",5,5,1,1,3,3,8,5,8,8
"952",10,5,9,9,10,10,10,10,10,10
"953",8,7,7,8,8,10,10,10,10,10
"954",3,5,5,2,3,3,3,2,5,6
"955",6,4,6,4,5,6,5,6,5,6
"956",8,4,8,8,4,8,8,10,10,10
"957",8,9,10,9,7,8,8,10,7,8
"958",4,6,5,6,4,4,5,8,3,3
"959",5,5,5,3,5,5,5,5,5,5
"960",6,4,4,5,4,5,6,5,6,6
"961",5,5,5,5,6,5,6,5,6,5
"962",8,7,8,6,6,7,9,9,8,8
"963",2,2,2,2,5,2,8,8,8,8
"964",5,1,1,1,1,9,9,10,9,9
"965",9,9,9,8,8,8,10,8,8,10
"966",4,4,2,4,3,4,4,4,6,4
"967",6,6,7,6,8,6,7,7,8,10
"968",7,7,7,7,7,8,8,8,7,8
"969",8,8,8,8,10,10,10,10,10,10
"970",5,2,2,6,8,8,8,8,8,6
"971",7,6,6,6,6,6,9,7,9,9
"972",8,8,8,8,9,9,9,9,10,10
"973",2,3,7,2,5,2,5,5,5,5
"974",9,10,10,8,7,5,5,7,5,8
"975",8,7,6,8,8,7,10,7,10,10
"976",10,10,10,10,10,10,10,10,10,10
"977",8,6,8,5,7,5,7,7,7,7
"978",6,8,8,7,7,6,9,9,9,9
"979",5,5,5,5,1,2,2,5,5,3
"980",10,5,8,5,3,5,5,5,5,5
"981",7,6,6,6,8,8,7,8,8,8
"982",7,5,6,6,8,8,10,10,10,10
"983",8,9,8,7,8,7,8,9,7,5
"984",10,7,5,7,10,10,10,10,10,10
"985",1,1,5,1,1,1,8,8,5,5
"986",4,2,5,3,3,3,8,8,9,9
"987",8,3,3,3,3,9,8,7,1,5
"988",6,5,4,4,4,5,7,5,7,7
"989",6,8,8,8,5,3,6,7,7,8
"990",1,1,1,5,5,5,1,5,5,5
"991",5,8,2,5,7,7,7,5,10,10
"992",5,1,1,1,7,2,9,9,9,5
"993",5,9,5,7,5,5,5,7,2,2
"994",5,4,5,4,5,6,6,6,6,6
"995",8,7,8,8,7,7,10,8,10,10
"996",5,2,5,2,3,7,9,9,9,9
"997",5,5,8,2,3,4,8,8,8,10
"998",7,4,4,4,4,5,4,5,4,5
"999",7,5,4,4,8,4,6,8,4,4
"1000",2,8,4,3,3,2,1,1,1,1
"1001",8,8,10,8,8,9,8,10,10,9
"1002",8,7,8,8,8,8,10,10,10,10
"1003",4,8,9,3,3,1,1,10,10,8
"1004",3,4,4,5,3,3,3,1,5,6
"1005",5,3,1,5,5,5,6,8,8,8
"1006",8,8,8,8,8,10,10,10,10,10
"1007",6,5,6,5,6,6,6,7,5,5
"1008",7,2,2,2,7,8,9,9,9,9
"1009",4,7,8,8,4,5,7,8,8,10
"1010",3,1,2,2,5,8,3,10,10,5
"1011",8,8,8,8,8,8,8,8,7,8
"1012",5,1,6,4,6,5,6,7,7,8
"1013",5,4,5,4,5,6,6,6,5,5
"1014",5,5,4,5,5,6,7,7,5,6
"1015",4,4,8,1,4,8,2,6,1,1
"1016",10,10,10,8,10,10,10,10,10,10
"1017",9,6,6,7,5,8,9,8,10,8
"1018",5,2,3,3,5,4,10,9,8,6
"1019",7,5,6,5,6,5,7,7,7,7
"1020",8,8,7,8,9,9,9,8,7,8
"1021",5,4,5,2,2,2,5,5,10,5
"1022",1,5,5,1,1,1,3,5,8,8
"1023",5,1,1,4,2,5,9,9,9,9
"1024",6,4,6,5,6,5,6,8,8,8
"1025",5,3,3,5,5,5,5,6,8,8
"1026",7,5,7,5,3,7,7,7,8,7
"1027",1,10,10,10,8,10,10,10,10,10
"1028",5,2,10,5,1,2,7,10,7,10
"1029",7,4,4,6,6,8,9,9,9,9
"1030",8,8,8,8,8,8,8,8,8,8
"1031",8,8,9,8,9,9,9,9,9,9
"1032",7,10,10,10,7,10,7,10,10,10
"1033",6,5,5,5,5,5,7,7,8,8
"1034",5,4,7,6,7,5,7,9,8,8
"1035",8,7,8,6,8,8,9,9,9,8
"1036",8,6,5,5,4,8,6,8,7,8
"1037",3,2,2,1,7,6,7,6,8,8
"1038",9,9,8,8,9,10,10,10,10,10
"1039",6,2,5,5,8,5,8,10,10,10
"1040",7,5,7,5,3,5,5,5,5,5
"1041",7,5,9,7,7,7,9,9,9,9
"1042",3,1,1,3,5,5,10,10,10,10
"1043",8,8,9,8,8,8,9,9,9,9
"1044",8,7,7,7,7,7,8,8,7,7
"1045",5,10,5,3,5,5,5,10,10,10
"1046",2,8,6,2,8,3,3,10,10,3
"1047",8,5,6,5,6,5,5,7,5,5
"1048",8,5,5,5,5,8,5,8,8,8
"1049",8,8,8,8,8,8,8,8,8,8
"1050",8,6,8,8,6,9,7,6,7,6
"1051",10,9,10,7,10,7,10,10,10,10
"1052",9,5,5,5,8,8,8,7,7,9
"1053",4,4,7,5,4,5,9,5,9,9
"1054",6,6,8,6,8,7,7,8,10,10
"1055",10,10,10,10,10,10,10,10,10,10
"1056",10,9,9,9,9,10,9,9,9,9
"1057",1,3,5,3,5,3,8,3,5,5
"1058",2,5,5,2,5,2,5,5,10,2
"1059",5,5,5,1,1,1,10,5,10,10
"1060",3,8,8,1,6,3,3,3,10,10
"1061",8,7,7,8,7,7,7,7,6,7
"1062",10,10,10,10,10,10,10,10,10,10
"1063",8,10,10,9,8,8,10,10,10,8
"1064",3,4,4,4,4,4,6,7,7,7
"1065",8,10,8,8,8,7,10,10,10,10
"1066",7,4,4,4,8,7,5,7,10,10
"1067",7,6,6,5,5,4,7,7,4,4
"1068",6,5,4,5,2,5,2,5,5,5
"1069",7,9,9,9,8,7,9,8,9,9
"1070",10,8,10,10,10,10,10,10,10,10
"1071",1,1,1,1,1,1,8,5,8,8
"1072",1,1,2,1,2,2,10,5,10,10
"1073",9,9,10,9,8,9,10,9,10,9
"1074",10,6,8,8,8,10,10,10,10,10
"1075",6,5,5,5,6,5,8,6,8,8
"1076",8,1,1,1,8,7,8,7,8,8
"1077",8,8,8,8,6,5,8,8,8,8
"1078",9,8,10,9,10,10,10,10,10,10
"1079",5,10,10,10,5,5,5,10,10,1
"1080",7,8,4,2,5,4,8,8,8,10
"1081",8,8,8,6,8,9,9,8,8,9
"1082",1,2,5,2,10,4,4,10,10,10
"1083",5,5,7,5,3,5,9,8,9,9
"1084",10,10,9,9,10,10,10,10,10,10
"1085",10,10,10,10,10,10,10,10,10,10
"1086",6,7,10,7,6,6,8,7,10,10
"1087",10,9,10,10,9,10,9,9,9,10
"1088",7,7,8,6,8,6,7,7,8,8
"1089",8,8,8,8,5,8,8,8,8,8
"1090",5,4,3,6,5,6,5,7,4,3
"1091",5,5,5,7,5,5,7,7,7,8
"1092",3,8,7,1,1,2,7,8,8,8
"1093",3,2,2,4,4,4,4,6,6,6
"1094",2,5,5,3,1,1,5,1,5,8
"1095",1,1,1,1,1,1,2,2,1,4
"1096",5,1,5,4,6,4,6,8,8,8
"1097",1,2,2,4,2,5,8,10,10,10
"1098",7,8,8,8,6,8,9,8,9,9
"1099",5,5,5,5,10,10,10,10,10,10
"1100",5,10,10,10,10,5,10,8,10,10
"1101",5,5,5,5,4,5,3,5,3,3
"1102",8,5,5,5,8,5,8,5,10,10
"1103",8,8,8,8,8,8,8,8,8,8
"1104",5,2,5,3,5,5,5,5,4,5
"1105",7,5,5,5,7,4,5,4,6,6
"1106",4,3,4,3,4,5,8,8,8,8
"1107",5,10,10,10,10,5,5,10,10,10
"1108",2,7,6,2,10,2,10,8,10,1
"1109",7,8,8,2,5,5,5,6,5,4
"1110",8,7,7,7,8,8,9,8,8,8
"1111",5,5,7,5,3,4,8,10,10,10
"1112",7,10,10,7,10,10,10,10,10,10
"1113",8,8,9,8,3,8,8,9,5,5
"1114",5,1,1,3,3,3,3,6,1,4
"1115",10,10,10,10,8,10,10,10,10,10
"1116",6,5,9,10,2,3,10,10,10,10
"1117",5,4,5,5,4,6,5,5,5,5
"1118",7,3,3,5,8,8,8,8,6,7
"1119",8,7,8,8,10,8,9,8,9,9
"1120",8,5,9,5,3,5,8,10,10,10
"1121",7,5,6,5,7,5,7,6,7,7
"1122",5,5,4,4,7,5,5,7,6,7
"1123",5,5,3,4,5,7,8,8,8,9
"1124",8,7,10,6,8,7,10,10,10,10
"1125",10,7,9,10,10,9,10,10,10,10
"1126",4,4,4,4,4,3,7,7,7,8
"1127",10,8,10,10,10,8,10,10,10,10
"1128",7,9,8,9,7,6,6,7,6,6
"1129",5,5,5,5,5,5,5,9,6,4
"1130",6,6,6,6,5,7,7,6,6,7
"1131",8,5,10,5,5,8,5,8,8,8
"1132",3,3,1,5,9,7,9,9,9,9
"1133",2,2,1,2,2,2,5,5,7,5
"1134",7,5,5,6,7,8,6,7,8,6
"1135",8,6,6,6,7,7,10,8,10,10
"1136",6,5,5,2,8,5,8,8,8,8
"1137",10,8,8,8,10,10,10,10,10,10
"1138",7,6,7,5,5,8,9,8,9,9
"1139",2,1,1,1,3,3,5,3,5,3
"1140",10,10,8,10,10,5,8,10,10,10
"1141",6,7,8,5,7,6,7,7,7,7
"1142",5,4,4,4,4,4,2,4,2,2
"1143",8,8,9,8,9,8,8,8,9,9
"1144",4,7,8,6,7,4,5,8,8,10
"1145",8,8,7,7,8,6,8,8,8,7
"1146",6,8,5,5,6,7,5,8,5,7
"1147",8,1,5,8,6,8,10,10,10,10
"1148",2,1,1,2,4,5,7,7,7,7
"1149",1,8,9,9,3,1,2,2,5,5
"1150",9,8,7,8,6,8,8,8,8,8
"1151",8,8,10,10,7,8,10,8,8,10
"1152",6,8,8,8,5,4,9,5,7,8
"1153",2,5,6,4,2,3,2,3,8,8
"1154",4,4,7,4,10,6,10,10,10,10
"1155",2,1,1,1,1,2,5,5,5,5
"1156",10,10,10,9,10,10,10,10,10,10
"1157",9,8,8,9,10,9,9,9,9,10
"1158",8,6,7,4,5,7,9,7,9,9
"1159",6,6,6,6,7,7,10,10,10,10
"1160",8,6,8,8,6,7,8,8,9,9
"1161",8,10,10,10,8,8,10,10,10,10
"1162",4,4,2,4,2,6,6,6,8,8
"1163",2,1,4,1,1,4,3,3,8,5
"1164",8,6,10,6,4,6,6,5,8,6
"1165",8,6,8,7,7,6,7,8,8,8
"1166",6,5,4,6,6,8,9,9,9,8
"1167",2,1,5,1,1,2,1,2,9,9
"1168",8,10,8,8,10,10,10,10,10,8
"1169",8,8,7,7,7,7,9,9,8,6
"1170",5,5,5,5,5,6,9,9,9,9
"1171",7,10,1,1,5,5,10,10,10,10
"1172",9,8,7,8,8,8,9,8,10,10
"1173",10,10,10,10,10,4,10,10,10,10
"1174",6,5,5,5,6,6,6,6,5,8
"1175",10,10,9,10,7,10,10,10,9,7
"1176",6,6,6,6,7,6,7,7,8,8
"1177",3,6,6,4,3,3,3,3,7,7
"1178",3,4,4,2,6,3,3,8,6,6
"1179",7,8,9,8,9,7,9,9,9,9
"1180",8,9,9,8,8,7,7,8,8,9
"1181",3,3,5,3,5,3,5,5,5,5
"1182",7,1,1,1,8,8,8,9,10,8
"1183",8,6,5,7,8,9,9,8,9,9
"1184",5,7,7,7,7,5,10,10,10,10
"1185",5,3,4,3,8,9,5,9,7,6
"1186",3,6,3,5,6,4,5,6,5,6
"1187",4,8,8,3,6,2,9,8,9,9
"1188",6,4,4,4,7,7,7,7,8,5
"1189",6,1,2,1,5,7,2,7,7,7
"1190",8,8,8,8,8,5,8,8,9,9
"1191",5,5,5,4,6,5,2,7,5,5
"1192",3,5,5,5,6,5,6,6,6,6
"1193",3,10,10,3,10,3,10,10,10,10
"1194",8,10,10,10,9,9,9,10,9,10
"1195",3,5,5,3,4,4,3,6,6,6
"1196",2,1,10,1,1,1,5,10,5,10
"1197",1,10,10,2,1,1,1,1,7,7
"1198",8,10,10,6,10,10,10,10,10,10
"1199",7,8,8,6,5,6,6,10,10,10
"1200",5,3,5,6,6,5,8,6,8,8
"1201",7,7,7,6,8,6,7,9,9,9
"1202",5,6,7,5,8,8,9,8,9,9
"1203",6,6,8,8,1,3,10,10,10,10
"1204",9,8,9,4,8,7,10,10,8,10
"1205",5,7,7,7,6,5,5,6,5,5
"1206",7,7,7,7,9,7,7,10,10,10
"1207",5,1,1,1,7,5,10,10,10,10
"1208",3,3,8,2,3,3,5,8,8,8
"1209",5,5,5,5,5,5,6,6,5,7
"1210",10,8,8,10,10,10,10,10,10,10
"1211",7,7,7,7,7,7,9,9,9,9
"1212",8,8,8,8,10,8,10,8,8,10
"1213",4,2,3,3,5,2,1,5,1,1
"1214",10,10,10,10,10,10,10,10,10,10
"1215",5,7,7,5,6,5,8,4,7,5
"1216",8,7,7,7,7,8,9,8,9,9
"1217",2,4,3,2,2,2,5,5,5,5
"1218",10,8,8,8,10,8,10,10,10,10
"1219",7,5,5,5,7,6,7,7,7,8
"1220",10,9,8,6,10,10,10,10,10,10
"1221",5,4,5,5,3,5,8,8,8,8
"1222",8,8,7,5,8,7,10,10,10,10
"1223",5,4,3,1,4,5,8,5,9,8
"1224",9,10,10,8,8,8,8,10,10,10
"1225",6,8,6,6,8,8,8,9,9,9
"1226",8,6,6,5,6,7,7,6,8,7
"1227",4,5,4,3,5,3,4,3,5,5
"1228",1,1,4,2,6,8,8,8,8,6
"1229",6,8,10,4,7,8,8,8,8,8
"1230",8,8,9,6,8,4,7,10,9,10
"1231",8,6,7,7,6,8,9,6,9,9
"1232",1,2,3,1,1,4,5,5,6,7
"1233",8,8,7,7,6,8,8,8,9,9
"1234",8,10,10,10,8,7,10,10,10,10
"1235",2,1,1,1,3,3,3,1,4,5
"1236",7,8,8,8,7,7,9,7,8,8
"1237",4,2,2,2,3,4,10,9,10,8
"1238",5,9,9,7,7,1,10,7,10,10
"1239",4,2,2,5,2,5,7,5,8,8
"1240",7,8,8,8,7,6,8,7,8,7
"1241",6,8,8,6,6,6,8,8,8,8
"1242",4,8,4,4,4,4,6,6,10,10
"1243",2,5,4,3,4,5,5,5,6,6
"1244",7,1,1,3,6,6,8,8,8,8
"1245",3,5,5,3,4,2,9,9,8,9
"1246",6,2,8,4,8,7,10,7,9,10
"1247",10,10,10,8,8,8,10,10,10,10
"1248",3,5,5,5,3,3,7,8,8,8
"1249",8,8,10,8,7,7,8,8,10,10
"1250",6,6,5,6,6,7,7,7,6,7
"1251",8,7,9,7,9,8,8,9,8,10
"1252",6,5,4,6,7,7,8,10,8,6
"1253",1,1,1,1,1,1,1,1,1,2
"1254",8,10,9,8,8,5,10,7,8,2
"1255",2,6,5,6,6,4,5,7,5,4
"1256",8,9,9,8,9,7,9,9,9,9
"1257",5,5,5,5,5,5,10,10,5,8
"1258",6,8,8,7,8,6,8,7,8,7
"1259",1,1,1,1,1,1,4,1,9,9
"1260",8,2,2,2,5,5,8,10,10,8
"1261",3,1,3,1,3,4,9,6,9,9
"1262",2,2,2,2,3,2,4,4,5,5
"1263",5,5,7,6,6,7,7,6,7,8
"1264",7,5,8,5,7,8,8,8,8,9
"1265",4,4,6,4,8,6,8,8,8,8
"1266",10,10,10,10,10,10,10,10,10,10
"1267",6,3,3,4,5,6,8,8,8,8
"1268",7,5,5,6,5,8,7,7,8,7
"1269",7,6,6,4,7,5,7,7,7,8
"1270",4,3,5,1,3,3,9,8,10,10
"1271",8,7,5,7,3,7,7,8,8,8
"1272",7,5,6,4,6,5,8,8,8,8
"1273",9,9,9,9,10,10,10,10,10,10
"1274",8,1,2,8,5,6,8,8,8,8
"1275",6,5,6,5,7,8,9,8,9,9
"1276",8,7,8,8,8,8,7,7,7,9
"1277",5,5,8,5,8,8,2,8,8,8
"1278",5,6,8,6,4,5,5,6,7,6
"1279",2,2,2,2,2,2,8,5,8,7
"1280",4,4,5,4,4,4,8,6,9,8
"1281",8,4,10,4,1,5,6,10,10,10
"1282",9,8,7,8,10,6,10,10,10,10
"1283",5,8,4,5,5,3,10,10,10,10
"1284",2,1,1,1,2,2,2,1,3,2
"1285",1,3,1,1,1,1,1,1,1,1
"1286",7,8,8,7,8,6,6,6,9,7
"1287",7,5,5,5,5,7,5,5,8,8
"1288",7,6,5,7,7,7,8,6,8,8
"1289",1,1,1,1,1,2,7,6,8,10
"1290",3,7,7,2,2,2,5,3,2,3
"1291",9,5,7,8,9,9,9,9,10,10
"1292",8,5,8,5,5,10,8,10,10,8
"1293",6,6,10,5,6,5,5,10,10,6
"1294",1,6,4,3,1,1,3,1,5,7
"1295",8,5,5,5,5,5,5,8,8,8
"1296",7,7,7,7,8,8,8,9,8,9
"1297",7,5,5,5,9,10,10,10,10,10
"1298",1,1,1,1,5,5,5,4,4,4
"1299",7,5,7,5,8,5,5,10,10,10
"1300",7,5,8,5,5,5,9,9,8,10
"1301",7,7,8,6,7,8,9,9,9,9
"1302",8,10,10,10,10,9,10,10,9,9
"1303",8,6,6,8,4,5,4,4,7,6
"1304",7,6,6,8,8,7,6,7,6,8
"1305",6,3,6,4,5,7,6,5,6,6
"1306",2,2,2,8,8,8,8,8,8,8
"1307",1,5,5,3,5,5,4,7,6,8
"1308",8,10,10,8,10,10,10,10,10,10
"1309",5,2,1,1,3,5,8,8,8,8
"1310",2,2,1,1,6,6,8,2,8,5
"1311",4,5,5,3,4,4,3,7,8,7
"1312",7,8,8,8,8,8,8,8,10,7
"1313",9,5,5,5,8,10,10,5,10,10
"1314",10,8,8,10,10,10,10,10,10,10
"1315",8,8,8,8,8,9,9,8,8,9
"1316",8,10,6,5,4,4,10,10,10,2
"1317",5,10,10,8,5,6,4,1,5,5
"1318",6,7,8,9,8,8,9,9,9,9
"1319",10,10,10,10,10,5,8,8,8,10
"1320",4,7,7,5,1,4,3,3,3,3
"1321",1,1,5,3,3,1,1,2,2,2
"1322",10,10,10,10,10,10,10,10,10,10
"1323",7,7,7,7,4,6,8,7,10,8
"1324",10,10,9,10,9,8,10,10,10,10
"1325",5,1,1,1,1,9,10,10,10,10
"1326",6,7,8,6,7,7,8,8,8,8
"1327",2,1,1,1,10,5,3,5,5,10
"1328",6,5,5,7,8,8,8,8,9,9
"1329",7,7,7,7,7,7,7,7,7,7
"1330",3,3,6,3,5,3,3,8,8,2
"1331",3,4,1,4,1,4,4,4,6,6
"1332",10,1,1,1,10,10,10,10,10,10
"1333",2,1,1,2,2,2,8,8,9,9
"1334",8,6,7,7,7,8,9,9,9,9
"1335",4,1,1,2,3,4,4,3,3,3
"1336",5,5,7,5,1,9,5,9,9,10
"1337",6,7,8,8,8,6,7,7,8,8
"1338",7,8,8,6,6,6,6,6,7,7
"1339",6,6,8,5,6,5,5,5,6,8
"1340",8,8,8,5,7,8,8,10,10,10
"1341",4,8,4,5,4,4,10,5,10,7
"1342",8,8,8,5,5,8,5,5,9,9
"1343",5,5,5,5,5,5,5,3,5,5
"1344",8,8,9,8,8,8,9,9,9,9
"1345",5,8,8,2,2,2,10,5,8,8
"1346",3,6,8,7,5,5,6,8,8,5
"1347",9,5,6,5,6,7,7,8,8,8
"1348",5,5,5,5,8,5,8,6,8,8
"1349",8,10,8,9,7,7,8,10,10,10
"1350",3,2,4,1,6,4,10,7,10,10
"1351",7,8,8,7,9,10,10,9,10,10
"1352",1,3,1,2,1,1,1,1,1,1
"1353",10,10,10,10,10,7,10,10,10,10
"1354",5,8,8,8,8,2,8,8,8,8
"1355",1,6,4,1,1,2,6,6,1,4
"1356",8,6,8,7,6,8,9,9,8,7
"1357",1,4,4,1,1,1,1,1,7,7
"1358",3,3,2,2,3,3,7,7,8,8
"1359",2,5,4,5,4,3,7,7,7,7
"1360",1,3,3,1,3,4,4,8,7,7
"1361",7,6,5,6,5,8,5,5,5,5
"1362",7,6,5,5,7,6,5,7,7,5
"1363",5,2,5,4,5,5,8,8,8,8
"1364",1,5,5,1,1,2,5,5,5,5
"1365",5,7,4,3,5,4,3,10,10,10
"1366",1,5,5,1,1,1,1,10,10,10
"1367",5,5,4,5,5,6,6,6,6,6
"1368",3,3,3,3,5,5,5,5,7,6
"1369",1,3,5,1,5,1,5,1,5,5
"1370",7,5,5,6,7,8,8,7,7,7
"1371",7,5,7,7,3,3,10,10,10,10
"1372",9,9,9,9,9,8,10,9,10,10
"1373",5,1,2,2,6,4,4,4,9,9
"1374",3,3,3,3,5,2,1,5,7,8
"1375",9,7,8,6,9,8,9,9,10,9
"1376",1,1,1,1,1,1,1,1,1,1
"1377",6,8,8,8,6,8,8,8,8,8
"1378",10,10,10,10,10,8,10,10,10,10
"1379",10,1,1,3,5,5,5,10,10,10
"1380",8,8,8,8,8,10,10,10,10,10
"1381",8,5,5,6,7,8,7,7,1,1
"1382",4,2,6,2,3,4,1,1,9,9
"1383",2,3,5,1,5,5,7,5,7,7
"1384",5,6,4,4,4,6,3,6,5,6
"1385",8,8,8,8,6,7,7,8,8,8
"1386",8,1,1,6,8,8,8,8,9,9
"1387",7,8,8,8,6,5,5,5,6,6
"1388",9,8,8,9,9,9,9,8,8,8
"1389",9,10,10,10,10,9,10,10,10,9
"1390",9,9,9,9,9,9,9,8,9,9
"1391",6,5,5,5,7,6,10,8,10,10
"1392",7,6,6,6,7,6,7,6,7,6
"1393",5,1,5,2,8,4,10,6,10,6
"1394",5,3,3,5,5,5,8,8,8,8
"1395",4,1,2,2,4,7,9,8,10,10
"1396",1,2,2,2,6,2,7,7,6,5
"1397",7,7,7,7,7,7,7,7,7,7
"1398",5,5,5,3,5,5,8,8,8,4
"1399",8,8,8,8,10,5,6,10,10,10
"1400",8,5,7,7,10,8,5,10,7,5
"1401",5,6,6,6,6,6,7,8,8,8
"1402",5,5,6,6,8,8,8,8,8,8
"1403",9,8,8,10,10,10,9,10,10,9
"1404",10,9,9,10,10,10,10,10,10,10
"1405",2,5,5,4,8,3,10,8,10,10
"1406",8,9,10,9,10,8,10,10,10,10
"1407",5,4,3,5,7,5,7,10,7,4
"1408",4,6,8,4,5,5,5,8,9,8
"1409",3,1,1,1,1,5,5,5,5,7
"1410",8,7,6,6,9,9,8,9,8,7
"1411",5,5,5,5,7,6,6,6,8,7
"1412",1,1,1,1,5,3,10,5,1,3
"1413",9,7,7,8,8,8,9,9,7,8
"1414",10,10,10,10,10,10,10,10,10,10
"1415",10,5,5,10,5,8,8,8,10,10
"1416",5,5,10,4,8,5,5,5,5,10
"1417",4,4,8,2,4,4,10,9,10,9
"1418",4,4,4,4,6,6,6,6,6,6
"1419",1,1,5,1,1,5,5,10,5,5
"1420",6,6,7,7,7,5,5,7,7,7
"1421",6,6,6,5,8,5,9,8,9,9
"1422",6,7,9,7,7,7,9,8,9,9
"1423",10,10,8,9,10,10,10,10,10,9
"1424",8,8,8,3,8,5,8,7,8,8
"1425",2,2,3,3,5,3,6,3,7,3
"1426",5,5,5,5,1,1,1,5,5,5
"1427",8,6,6,7,7,5,5,8,10,10
"1428",8,8,8,8,8,8,8,8,8,8
"1429",5,3,4,4,6,7,8,7,9,10
"1430",10,10,8,8,10,10,10,10,10,10
"1431",5,6,5,5,5,3,5,5,8,9
"1432",8,8,8,8,10,8,5,10,10,10
"1433",10,10,10,10,10,10,5,10,10,10
"1434",5,1,2,5,5,5,7,5,8,8
"1435",10,2,5,9,10,9,10,10,9,10
"1436",5,4,8,4,8,7,8,4,10,10
"1437",3,3,3,3,3,7,6,9,10,9
"1438",3,5,8,8,10,1,10,10,10,10
"1439",8,8,8,8,9,8,9,9,9,9
"1440",2,1,1,1,1,3,7,1,7,7
"1441",8,9,9,5,2,2,9,9,9,9
"1442",9,7,8,7,7,8,7,7,8,8
"1443",2,1,3,1,5,5,5,10,10,10
"1444",8,6,7,7,7,7,8,8,8,8
"1445",9,6,7,7,5,6,9,5,9,9
"1446",9,8,8,8,8,8,8,9,9,9
"1447",2,1,5,1,2,1,2,2,5,5
"1448",8,8,8,8,2,2,8,8,8,8
"1449",2,9,9,2,8,7,10,10,10,10
"1450",5,5,5,1,5,2,7,2,5,7
"1451",7,8,10,7,5,5,10,10,10,10
"1452",5,5,5,5,5,3,5,5,5,7
"1453",7,5,5,5,2,2,5,5,2,5
"1454",7,8,7,7,8,6,7,7,8,7
"1455",7,4,4,5,8,9,8,8,8,7
"1456",3,2,2,1,2,3,2,8,8,8
"1457",5,7,7,5,8,7,7,7,7,8
"1458",6,5,6,5,6,5,7,7,7,7
"1459",1,1,10,1,1,3,10,10,10,10
"1460",8,5,5,5,9,9,9,10,10,9
"1461",8,8,7,8,8,7,10,10,10,10
"1462",5,1,1,3,5,5,5,5,5,5
"1463",8,8,8,8,6,7,10,10,10,10
"1464",3,4,4,4,3,3,3,4,4,3
"1465",6,5,5,3,5,5,5,5,6,6
"1466",8,5,5,5,8,8,10,8,10,10
"1467",8,8,8,8,6,6,5,8,7,8
"1468",1,5,1,1,1,1,6,1,8,6
"1469",7,7,7,7,9,7,8,8,7,8
"1470",1,1,1,1,1,1,1,1,1,1
"1471",10,10,10,10,10,10,10,10,10,10
"1472",10,6,10,10,10,10,10,10,10,10
"1473",8,5,5,8,5,8,8,8,7,8
"1474",6,8,9,6,6,6,5,6,7,7
"1475",8,8,8,8,8,10,10,10,8,10
"1476",5,6,6,7,6,5,8,8,8,8
"1477",4,1,2,2,4,3,5,5,7,3
"1478",8,10,10,10,10,10,10,10,10,10
"1479",7,5,5,5,5,5,8,5,8,8
"1480",7,6,7,7,7,4,10,10,10,10
"1481",10,10,8,8,5,7,7,7,10,10
"1482",8,7,8,8,10,10,8,8,8,10
"1483",3,2,6,2,6,5,3,7,7,4
"1484",6,2,2,3,6,7,7,7,7,6
"1485",2,1,2,4,9,8,6,6,9,9
"1486",6,8,5,5,8,5,9,9,9,9
"1487",7,6,6,5,6,6,8,6,8,8
"1488",6,5,5,5,7,5,6,7,7,7
"1489",5,8,5,5,5,3,2,4,3,5
"1490",5,1,1,1,2,5,5,5,8,5
"1491",4,7,4,4,5,5,5,10,7,10
"1492",10,10,10,10,5,8,10,10,10,10
"1493",5,5,5,5,3,5,7,7,7,6
"1494",7,8,9,7,8,8,7,8,10,10
"1495",10,5,10,7,10,10,10,10,10,10
"1496",2,2,2,2,3,2,5,5,8,8
"1497",7,5,5,5,7,7,10,8,10,10
"1498",8,7,7,6,6,5,8,7,10,8
"1499",2,5,9,5,1,1,1,6,1,7
"1500",3,6,7,6,1,2,4,4,6,6
"1501",7,8,8,8,6,5,7,7,5,6
"1502",4,4,4,3,4,4,7,5,7,7
"1503",5,7,7,7,7,7,5,7,5,6
"1504",6,8,9,6,5,6,10,6,10,10
"1505",8,6,7,6,7,6,7,8,3,3
"1506",8,5,6,5,7,8,9,7,8,8
"1507",1,7,5,2,2,1,2,2,1,8
"1508",7,7,7,7,8,7,7,8,8,7
"1509",10,10,10,10,10,10,10,10,10,10
"1510",4,8,9,5,5,5,10,8,8,8
"1511",4,1,2,1,9,3,10,10,10,9
"1512",5,5,6,2,7,6,8,10,10,9
"1513",10,10,10,6,10,6,10,10,10,10
"1514",7,6,7,4,8,8,9,8,9,9
"1515",8,5,5,8,5,5,10,10,10,10
"1516",8,8,8,8,8,8,8,8,8,8
"1517",5,5,6,5,6,4,4,8,8,8
"1518",2,2,8,2,2,5,10,10,10,10
"1519",7,8,7,6,8,7,9,9,8,8
"1520",5,5,4,5,10,5,10,10,10,10
"1521",2,3,6,2,2,3,9,8,9,9
"1522",6,5,5,5,7,6,7,9,9,9
"1523",8,7,5,9,7,8,9,10,10,10
"1524",5,3,7,3,5,3,9,9,9,9
"1525",8,10,8,8,8,8,10,8,10,10
"1526",9,9,9,9,9,9,9,9,9,9
"1527",2,2,1,1,5,5,8,10,10,10
"1528",6,6,6,6,6,8,6,6,6,5
"1529",7,4,3,5,8,8,7,9,9,8
"1530",2,1,1,1,5,5,5,5,5,5
"1531",4,6,6,2,6,4,6,6,8,6
"1532",9,9,9,9,9,8,9,9,9,9
"1533",6,5,5,6,5,3,2,9,9,3
"1534",5,10,10,4,10,4,10,10,10,10
"1535",8,8,8,8,5,5,8,8,8,8
"1536",5,5,8,5,5,4,4,5,5,7
"1537",2,2,3,2,3,4,4,7,7,8
"1538",4,1,5,1,9,7,9,10,9,9
"1539",5,7,1,3,7,6,7,6,8,8
"1540",1,2,1,1,1,1,1,2,5,5
"1541",3,2,2,3,5,5,4,8,5,5
"1542",2,6,6,1,1,2,2,2,2,7
"1543",9,9,8,8,6,4,3,5,5,10
"1544",5,5,5,5,4,5,8,8,8,8
"1545",5,5,4,4,6,5,2,4,7,6
"1546",8,9,10,8,9,10,8,10,10,10
"1547",2,10,10,1,5,2,5,9,10,10
"1548",6,6,10,6,6,6,7,6,10,10
"1549",7,7,8,7,7,8,7,8,8,8
"1550",4,5,5,5,4,4,6,5,5,4
"1551",10,10,10,7,8,6,10,9,10,10
"1552",1,1,1,1,1,2,1,1,8,9
"1553",8,8,5,7,8,6,10,7,9,5
"1554",4,5,7,3,1,2,1,2,1,1
"1555",9,4,5,8,9,9,10,9,10,9
"1556",4,4,5,4,5,6,8,7,9,9
"1557",8,5,8,5,5,5,5,10,10,10
"1558",8,7,7,8,5,5,9,8,10,7
"1559",1,1,8,1,2,2,10,2,10,10
"1560",8,8,8,7,7,7,7,8,7,8
"1561",5,5,1,1,1,2,8,3,10,10
"1562",6,6,8,6,8,8,7,9,9,9
"1563",6,5,6,5,5,6,10,6,10,8
"1564",8,4,3,4,5,6,8,5,8,8
"1565",5,5,7,6,2,10,4,10,10,10
"1566",6,8,9,7,9,8,10,10,10,10
"1567",4,5,6,2,3,3,6,4,4,6
"1568",4,6,8,3,5,5,5,9,9,9
"1569",9,8,8,8,9,9,9,9,9,10
"1570",8,6,8,8,7,9,9,9,9,9
"1571",6,7,6,7,8,5,7,5,5,7
"1572",7,7,9,7,3,7,8,8,8,8
"1573",6,4,2,6,8,7,8,8,9,9
"1574",3,8,7,3,5,4,8,7,4,2
"1575",8,7,6,7,7,8,8,7,9,9
"1576",5,7,5,5,7,5,7,9,5,5
"1577",2,1,1,1,1,1,2,8,7,8
"1578",4,4,3,5,4,6,8,8,4,4
"1579",6,3,5,3,7,5,6,7,5,7
"1580",5,4,7,4,4,6,6,7,5,5
"1581",5,3,5,3,6,5,8,10,5,10
"1582",10,10,10,10,10,10,10,10,10,10
"1583",6,8,8,8,8,8,8,8,8,8
"1584",9,10,10,8,10,9,10,8,10,10
"1585",3,8,8,8,5,2,9,5,10,9
"1586",2,6,6,8,8,5,8,5,9,8
"1587",7,6,10,8,7,6,6,10,7,7
"1588",7,5,5,7,5,6,8,8,8,8
"1589",3,3,3,3,6,7,6,7,6,6
"1590",2,2,5,1,10,5,9,10,8,10
"1591",10,10,10,10,5,10,10,10,10,10
"1592",8,7,8,7,6,6,7,8,8,7
"1593",8,8,9,8,8,7,7,6,8,7
"1594",7,5,1,3,7,7,5,7,5,5
"1595",8,8,8,8,8,8,8,8,8,8
"1596",8,6,10,7,10,8,10,10,10,10
"1597",7,5,5,6,7,7,10,10,10,10
"1598",3,2,8,4,3,2,3,3,8,8
"1599",8,8,9,9,10,10,10,10,10,10
"1600",8,7,9,8,9,9,9,9,9,9
"1601",2,5,5,3,5,4,10,10,8,10
"1602",10,5,5,5,1,8,10,10,10,10
"1603",3,1,1,1,7,3,6,3,3,6
"1604",4,5,7,4,4,4,4,6,6,4
"1605",8,6,5,4,7,4,5,6,4,10
"1606",1,1,1,1,1,1,1,1,1,1
"1607",8,10,10,10,6,9,8,9,9,9
"1608",6,6,6,4,4,4,8,4,8,8
"1609",7,10,10,10,8,1,8,7,10,8
"1610",5,7,8,5,6,5,5,6,6,6
"1611",8,10,10,10,7,8,8,10,10,10
"1612",1,1,3,1,7,2,7,7,7,7
"1613",5,1,10,5,8,5,9,10,10,10
"1614",3,3,3,3,8,5,8,7,7,8
"1615",2,2,2,1,1,1,2,8,8,4
"1616",7,5,5,5,5,5,8,5,8,8
"1617",4,5,6,5,2,5,7,6,2,2
"1618",5,4,3,5,5,1,10,10,3,10
"1619",8,5,5,5,7,10,7,10,10,10
"1620",8,8,9,8,8,8,9,9,9,9
"1621",8,8,8,8,7,6,7,7,8,7
"1622",3,3,10,3,1,3,3,10,3,2
"1623",7,6,6,4,6,3,4,6,8,8
"1624",5,7,5,5,8,7,9,9,9,9
"1625",3,4,3,3,3,3,3,2,10,3
"1626",5,5,5,5,5,7,7,8,7,8
"1627",3,2,1,2,1,2,4,2,2,3
"1628",4,4,4,5,4,4,4,5,5,5
"1629",9,7,6,7,7,6,10,10,10,10
"1630",7,7,8,6,8,8,8,8,8,8
"1631",5,5,5,3,5,8,5,5,5,5
"1632",6,9,8,9,9,6,9,9,10,10
"1633",7,5,7,7,7,10,10,10,10,10
"1634",7,8,10,8,5,7,5,7,7,7
"1635",1,1,1,1,1,5,6,5,1,1
"1636",5,1,1,3,4,5,5,6,7,4
"1637",4,5,5,5,5,5,5,5,5,3
"1638",8,7,9,8,6,6,6,8,8,8
"1639",10,10,10,10,10,7,10,7,10,6
"1640",9,9,8,8,7,8,10,8,9,10
"1641",3,2,2,2,5,5,3,5,6,6
"1642",6,7,7,6,7,7,7,6,7,7
"1643",1,1,1,2,5,5,5,1,7,6
"1644",4,1,5,1,6,5,6,6,7,6
"1645",5,7,7,5,10,8,8,8,5,7
"1646",7,8,10,8,7,7,5,7,5,5
"1647",8,6,7,7,4,5,8,7,8,8
"1648",3,3,7,2,4,5,6,6,7,7
"1649",8,7,7,7,8,8,9,9,9,9
"1650",1,1,1,1,1,1,2,2,5,5
"1651",10,10,10,10,10,10,10,10,10,10
"1652",5,7,5,5,10,5,10,10,10,10
"1653",7,1,5,5,1,5,10,5,10,10
"1654",2,2,2,5,5,6,6,5,5,3
"1655",8,9,9,8,8,9,9,9,9,9
"1656",9,10,10,8,8,8,8,6,8,10
"1657",8,6,4,4,2,5,5,7,6,7
"1658",3,6,9,3,3,3,7,8,10,10
"1659",9,9,9,9,8,8,9,8,9,10
"1660",1,1,5,1,2,2,8,8,10,8
"1661",7,6,6,6,6,6,8,8,8,8
"1662",10,9,9,9,10,10,10,10,10,10
"1663",9,9,9,9,9,9,9,9,9,9
"1664",6,7,7,6,6,6,6,6,7,7
"1665",4,9,9,5,5,2,4,8,8,2
"1666",3,5,8,2,5,2,5,8,8,8
"1667",1,5,2,1,1,2,5,1,5,7
"1668",4,2,5,2,1,5,4,5,4,5
"1669",6,6,7,5,6,7,8,7,8,8
"1670",9,10,9,9,9,10,10,10,10,10
"1671",3,5,5,1,4,5,5,5,9,9
"1672",7,4,5,4,4,5,7,8,7,8
"1673",5,3,4,3,3,4,7,7,7,7
"1674",5,5,5,5,5,8,8,8,8,8
"1675",8,8,7,8,8,8,8,8,10,10
"1676",4,5,5,5,3,5,5,5,5,5
"1677",3,1,1,2,5,5,5,9,8,5
"1678",9,5,5,5,10,7,10,10,10,7
"1679",6,4,8,3,7,4,8,7,8,7
"1680",6,3,8,3,6,6,5,7,5,8
"1681",8,7,8,5,8,7,7,9,9,9
"1682",8,8,8,8,8,8,10,8,8,8
"1683",8,6,7,5,8,8,9,8,8,8
"1684",5,1,3,2,4,5,6,5,8,8
"1685",3,5,5,3,1,5,8,3,8,8
"1686",6,5,8,9,8,9,9,8,7,9
"1687",7,7,9,7,8,6,9,9,9,9
"1688",10,8,10,8,10,8,8,10,10,8
"1689",5,5,5,5,5,5,5,5,5,5
"1690",8,8,8,8,8,8,8,8,8,8
"1691",8,10,4,8,6,7,8,5,7,8
"1692",4,7,7,6,4,3,5,8,6,7
"1693",9,8,8,8,8,8,10,8,8,8
"1694",8,8,8,8,9,8,8,9,8,9
"1695",1,5,2,1,5,1,10,10,10,8
"1696",9,9,8,7,8,9,9,8,8,9
"1697",7,7,7,8,6,7,8,7,7,6
"1698",5,3,3,5,5,4,7,7,8,5
"1699",5,1,7,5,9,7,10,10,10,10
"1700",10,8,10,7,10,10,10,10,10,10
"1701",5,4,6,5,7,5,6,7,5,7
"1702",10,10,10,10,10,10,10,10,10,10
"1703",6,5,4,5,5,5,5,7,5,6
"1704",4,4,7,4,6,3,8,2,10,2
"1705",7,6,5,5,7,8,8,8,8,8
"1706",6,1,1,5,5,6,6,6,6,6
"1707",1,1,1,1,1,1,5,5,5,5
"1708",3,3,5,3,2,3,6,7,6,7
"1709",2,1,5,1,1,2,10,10,10,10
"1710",3,7,6,5,2,3,4,5,3,5
"1711",7,6,6,6,5,8,8,7,7,8
"1712",5,2,1,3,4,7,7,7,10,10
"1713",8,5,10,6,8,2,10,8,8,10
"1714",2,4,2,2,2,1,5,2,6,6
"1715",9,8,8,8,10,10,9,10,9,9
"1716",8,7,8,7,8,9,9,9,9,9
"1717",7,8,8,6,8,6,6,8,8,10
"1718",8,10,10,8,8,8,7,10,10,10
"1719",6,3,7,3,3,3,9,8,9,9
"1720",5,5,8,5,5,1,10,5,10,10
"1721",5,5,5,5,5,5,8,5,5,8
"1722",10,10,10,10,10,10,10,10,10,10
"1723",8,8,8,10,10,8,10,10,8,8
"1724",5,6,5,5,3,5,7,7,7,8
"1725",7,7,7,7,5,5,7,6,6,6
"1726",6,8,6,5,8,6,6,6,6,6
"1727",5,5,5,5,5,5,10,5,5,10
"1728",8,8,8,8,8,8,8,8,8,8
"1729",2,8,8,8,8,2,8,8,8,8
"1730",10,10,10,10,9,10,10,10,9,9
"1731",5,7,8,6,7,4,7,8,4,6
"1732",9,9,7,6,9,6,9,9,9,9
"1733",9,9,8,8,9,8,9,9,8,9
"1734",7,5,6,10,5,7,10,10,7,10
"1735",3,4,4,2,5,4,5,8,10,10
"1736",4,4,1,1,5,6,7,5,7,2
"1737",5,7,7,5,8,9,9,10,8,10
"1738",10,10,10,10,10,10,10,10,10,10
"1739",5,5,6,5,6,4,6,5,8,8
"1740",7,5,7,7,7,8,8,8,10,10
"1741",7,5,8,8,5,9,5,8,8,4
"1742",5,8,6,6,5,4,4,8,9,5
"1743",7,5,5,5,5,5,8,8,8,8
"1744",8,6,8,6,8,3,10,10,5,10
"1745",6,6,6,6,6,8,10,10,10,10
"1746",6,6,8,5,8,8,5,7,9,8
"1747",8,5,8,7,10,8,10,8,10,10
"1748",5,5,2,2,3,3,7,3,2,7
"1749",2,5,3,3,1,3,5,5,7,5
"1750",8,7,9,8,8,5,7,9,10,9
"1751",6,5,5,5,8,8,8,8,10,8
"1752",7,5,5,4,7,8,8,8,8,9
"1753",8,7,7,7,7,6,6,8,7,8
"1754",1,1,5,1,1,1,1,6,1,1
"1755",6,6,5,5,6,8,8,9,8,8
"1756",8,8,8,8,8,8,8,8,8,8
"1757",5,6,5,4,2,6,7,5,8,8
"1758",6,8,7,7,5,2,7,8,7,7
"1759",7,8,8,8,8,5,10,9,9,9
"1760",7,7,7,7,5,6,4,6,5,8
"1761",6,5,6,5,7,5,8,7,8,7
"1762",10,10,10,10,8,10,10,10,10,10
"1763",5,6,7,6,6,6,10,10,10,10
"1764",6,7,7,5,8,6,10,8,8,8
"1765",7,5,10,3,7,8,8,8,8,7
"1766",6,5,6,5,6,7,7,7,7,7
"1767",10,10,10,10,10,10,10,10,10,10
"1768",10,10,10,10,10,10,10,10,10,10
"1769",6,7,5,5,7,6,10,10,10,8
"1770",8,8,7,7,7,7,8,7,9,8
"1771",7,5,8,7,8,7,6,9,9,9
"1772",9,9,9,9,9,7,9,9,10,10
"1773",2,8,10,2,2,2,10,8,8,10
"1774",9,9,8,8,7,7,8,9,8,9
"1775",7,2,1,1,5,7,7,8,8,10
"1776",1,5,1,1,7,5,4,5,4,5
"1777",6,8,7,8,5,8,5,8,8,3
"1778",5,6,8,5,5,8,4,5,7,5
"1779",5,5,7,3,10,6,10,7,10,10
"1780",9,10,10,10,7,8,6,8,8,8
"1781",3,3,3,3,7,3,5,5,3,3
"1782",7,7,7,7,7,7,10,10,10,10
"1783",6,3,5,5,5,5,8,5,6,10
"1784",10,10,10,10,10,10,10,10,10,10
"1785",3,2,5,2,3,3,10,10,10,10
"1786",8,2,2,2,7,5,10,10,7,7
"1787",6,4,4,4,8,8,6,8,5,5
"1788",10,10,10,10,10,10,10,10,10,10
"1789",3,1,1,2,5,4,8,5,10,5
"1790",8,5,5,5,5,7,9,9,9,8
"1791",9,8,8,7,8,8,10,10,8,10
"1792",8,8,8,8,8,8,10,9,10,10
"1793",7,1,5,9,10,10,10,10,10,10
"1794",8,8,5,5,7,7,8,7,8,7
"1795",5,4,6,5,4,6,7,8,8,8
"1796",10,10,5,10,5,10,10,10,10,10
"1797",10,10,10,5,5,5,5,5,10,10
"1798",10,10,10,10,10,10,10,10,10,10
"1799",3,1,1,1,5,5,5,5,5,5
"1800",7,4,4,5,5,5,6,7,7,4
"1801",10,10,8,10,10,10,10,10,10,10
"1802",6,7,8,7,7,7,9,8,9,9
"1803",8,6,5,7,7,9,8,8,9,8
"1804",9,7,7,9,7,8,8,8,10,9
"1805",8,8,8,10,10,9,10,10,10,9
"1806",5,10,10,7,10,7,10,8,10,10
"1807",5,4,8,4,4,9,9,7,9,9
"1808",2,5,3,2,3,3,6,7,8,8
"1809",6,6,6,6,7,7,7,7,7,7
"1810",1,1,1,1,10,1,5,1,9,10
"1811",10,10,10,10,10,10,10,10,10,10
